CustomerID,Recency,Frequency,Monetary
12346.0,325,2,0.0
12347.0,1,182,4310.0
12348.0,74,31,1797.24
12349.0,18,73,1757.55
12350.0,309,17,334.4
12352.0,35,95,1545.41
12353.0,203,4,89.0
12354.0,231,58,1079.4
12355.0,213,13,459.4
12356.0,22,59,2811.43
12357.0,32,131,6207.67
12358.0,1,19,1168.06
12359.0,7,251,6182.9800000000005
12360.0,51,129,2662.06
12361.0,286,10,189.9
12362.0,2,274,5154.58
12363.0,109,23,552.0
12364.0,7,85,1313.1
12365.0,290,23,320.69
12367.0,3,11,168.9
12370.0,50,166,3541.94
12371.0,44,63,1887.96
12372.0,71,52,1298.04
12373.0,310,14,364.6
12374.0,24,33,742.9300000000001
12375.0,2,18,455.42
12377.0,314,77,1628.12
12378.0,129,219,4008.62
12379.0,81,41,850.29
12380.0,21,105,2720.56
12381.0,4,91,1803.96
12383.0,184,100,1839.31
12384.0,28,30,566.16
12386.0,337,10,401.9
12388.0,15,100,2780.66
12390.0,79,32,549.84
12391.0,21,93,439.66
12393.0,71,64,1582.6000000000001
12394.0,63,27,1272.48
12395.0,15,159,2998.28
12397.0,35,126,2409.9
12398.0,45,85,1635.6599999999999
12399.0,118,59,1108.65
12401.0,302,5,84.3
12402.0,322,11,225.6
12403.0,49,6,409.7
12405.0,148,54,1710.39
12406.0,21,108,3280.75
12407.0,49,77,1708.1200000000001
12408.0,32,113,2842.57
12409.0,78,114,11056.93
12410.0,300,28,681.0799999999999
12412.0,74,61,1226.88
12413.0,66,40,694.15
12414.0,216,18,562.41
12415.0,23,778,123725.45
12417.0,2,198,3578.8
12418.0,112,34,668.58
12420.0,63,29,600.39
12421.0,15,46,806.27
12422.0,95,39,803.5600000000001
12423.0,0,126,1849.11
12424.0,162,30,1760.96
12425.0,77,36,777.2
12426.0,194,30,582.73
12427.0,11,35,708.37
12428.0,25,300,7877.2
12429.0,8,97,3750.4
12430.0,42,11,256.4
12431.0,35,239,6348.89
12432.0,42,108,5059.32
12433.0,0,420,13375.87
12434.0,84,54,765.19
12435.0,79,36,7829.89
12436.0,99,16,509.01
12437.0,1,201,4896.66
12438.0,13,98,2906.85
12441.0,366,11,173.55
12442.0,2,12,172.06
12444.0,20,177,5005.46
12445.0,21,4,133.4
12446.0,57,58,1002.3100000000001
12447.0,242,26,476.49
12448.0,43,22,449.45
12449.0,21,191,4067.29
12450.0,155,8,197.88
12451.0,10,355,8933.52
12452.0,16,23,428.57
12453.0,133,43,707.09
12454.0,52,30,5.684341886080802e-14
12455.0,72,90,2466.86
12456.0,43,129,3153.89
12457.0,57,68,1917.78
12458.0,70,38,947.4
12461.0,93,35,826.88
12462.0,1,72,1124.01
12463.0,45,88,1303.63
12464.0,9,29,1212.05
12465.0,7,51,733.89
12468.0,142,40,724.0400000000001
12471.0,1,530,18705.52
12472.0,30,391,6229.48
12473.0,28,178,2837.73
12474.0,16,455,7064.7699999999995
12475.0,53,36,723.38
12476.0,0,264,6546.58
12477.0,22,308,13117.01
12478.0,3,36,680.99
12479.0,3,35,477.3
12480.0,27,154,3281.63
12481.0,22,217,5574.36
12483.0,16,81,2327.13
12484.0,32,347,4480.87
12488.0,9,55,1298.66
12489.0,335,15,334.93
12490.0,4,245,5417.93
12491.0,38,26,460.40000000000003
12492.0,62,20,263.21000000000004
12493.0,165,23,416.79
12494.0,9,84,1139.3500000000001
12497.0,81,14,1043.1
12498.0,20,23,403.70000000000005
12500.0,22,65,4206.27
12501.0,314,160,2089.68
12502.0,95,147,3723.87
12503.0,337,1,-1126.0
12504.0,17,15,114.0
12505.0,300,1,-4.5
12506.0,232,23,73.5
12507.0,133,23,1258.06
12508.0,25,68,397.88
12509.0,283,7,176.5
12510.0,142,33,982.5699999999999
12512.0,65,31,132.18
12513.0,84,36,586.79
12514.0,266,51,1017.68
12515.0,352,16,383.7
12516.0,77,26,1312.06
12517.0,27,281,2443.65
12518.0,0,124,2056.89
12519.0,63,17,330.84
12520.0,78,155,2582.51
12521.0,142,38,599.68
12522.0,38,12,192.72
12523.0,1,110,1745.57
12524.0,8,144,4485.72
12526.0,0,71,1316.66
12527.0,81,18,348.71000000000004
12528.0,8,95,1922.28
12530.0,59,68,1623.63
12531.0,14,17,125.22
12532.0,29,16,349.83000000000004
12534.0,130,63,1089.18
12535.0,91,34,716.35
12536.0,7,273,4106.82
12538.0,28,21,363.95
12539.0,21,274,3852.5
12540.0,19,481,13309.039999999999
12541.0,29,52,981.18
12544.0,29,20,355.7
12545.0,74,50,1000.39
12546.0,46,70,1141.5
12547.0,197,8,207.79999999999998
12548.0,165,5,95.19999999999999
12550.0,78,57,964.83
12551.0,357,10,168.0
12552.0,38,20,437.82
12553.0,7,196,3652.25
12556.0,49,119,599.56
12557.0,15,33,11990.960000000001
12558.0,1,22,1.0658141036401503e-14
12559.0,310,22,536.21
12560.0,4,111,2101.39
12561.0,302,16,238.85
12562.0,7,168,3781.7400000000002
12564.0,260,21,456.9
12565.0,281,10,131.17
12566.0,72,20,346.7
12567.0,22,463,9114.94
12569.0,1,191,4064.9900000000002
12571.0,39,34,519.61
12572.0,8,62,1004.72
12573.0,226,28,160.54000000000002
12574.0,315,11,218.45
12576.0,35,89,1306.98
12577.0,34,147,564.2
12578.0,20,120,2753.36
12579.0,72,31,410.72
12580.0,246,24,415.7
12581.0,39,15,197.71
12582.0,238,22,511.36
12583.0,2,251,7187.34
12584.0,3,126,1893.95
12585.0,233,97,1982.81
12586.0,16,12,179.94000000000003
12587.0,7,4,144.0
12588.0,38,10,214.89999999999998
12589.0,28,35,646.68
12590.0,189,70,9861.38
12591.0,316,26,452.84999999999997
12592.0,91,18,437.6
12593.0,108,21,418.09999999999997
12594.0,37,119,3320.2200000000003
12596.0,50,27,618.27
12597.0,18,214,3683.13
12598.0,9,133,3002.68
12599.0,28,62,1032.58
12600.0,28,65,2581.04
12601.0,189,29,569.5600000000001
12602.0,58,12,153.12
12603.0,21,3,739.1999999999999
12604.0,78,16,254.18
12605.0,364,3,-7.5
12607.0,57,202,3.552713678800501e-15
12609.0,77,60,1126.85
12610.0,22,111,2057.99
12611.0,51,65,1193.32
12612.0,57,21,643.59
12613.0,30,163,3218.98
12614.0,277,20,315.6
12615.0,1,105,2291.19
12616.0,84,36,657.25
12617.0,28,41,352.98
12618.0,21,11,177.31
12619.0,15,95,3214.81
12620.0,14,92,1339.41
12621.0,1,474,13612.07
12622.0,231,11,180.1
12623.0,275,18,305.1
12624.0,105,38,641.13
12625.0,211,91,2614.32
12626.0,22,307,6388.35
12627.0,10,230,4478.53
12628.0,3,43,769.61
12630.0,9,64,1270.88
12631.0,56,31,640.5
12633.0,58,103,2140.63
12635.0,89,101,1689.18
12637.0,66,386,5934.25
12638.0,32,39,671.69
12639.0,238,22,486.1
12640.0,23,53,1174.58
12641.0,114,10,185.9
12642.0,24,47,1013.26
12643.0,127,24,3344.64
12644.0,129,31,477.91
12645.0,33,74,1755.38
12646.0,4,45,1346.97
12647.0,21,128,3669.92
12648.0,154,21,318.05
12649.0,106,33,603.71
12650.0,2,20,314.44
12651.0,334,9,114.0
12652.0,321,51,914.53
12653.0,148,43,2209.85
12654.0,10,38,601.98
12656.0,16,130,3982.72
12657.0,10,56,1152.06
12658.0,18,36,686.05
12659.0,29,5,91.68
12660.0,10,13,245.1
12662.0,0,232,3817.08
12664.0,7,38,4863.88
12665.0,324,4,61.75
12666.0,358,2,-227.44
12667.0,57,33,620.13
12668.0,6,168,3743.18
12669.0,150,102,1607.73
12670.0,9,94,2986.15
12672.0,329,10,225.89999999999998
12673.0,4,42,610.52
12674.0,11,90,1922.26
12676.0,24,45,1331.39
12678.0,41,167,17588.26
12679.0,51,56,1058.67
12680.0,0,52,862.81
12681.0,14,646,13677.59
12682.0,3,524,12279.82
12683.0,3,362,8221.09
12684.0,7,105,2283.63
12685.0,27,157,2863.08
12686.0,371,7,89.14
12688.0,113,171,4873.8099999999995
12689.0,25,72,1247.61
12690.0,205,16,389.01
12691.0,27,32,1035.8
12693.0,120,41,830.96
12694.0,69,37,869.67
12695.0,6,27,582.1
12697.0,20,43,939.02
12700.0,7,270,4867.99
12701.0,79,53,797.71
12702.0,19,12,219.0
12703.0,63,22,274.7
12704.0,6,90,2220.84
12705.0,14,348,6814.24
12707.0,291,33,603.42
12708.0,29,174,2616.32
12709.0,2,256,9264.1
12710.0,96,79,1130.57
12712.0,22,142,4241.63
12713.0,0,38,848.55
12714.0,8,259,4708.86
12715.0,105,20,343.36
12716.0,3,69,1053.49
12717.0,150,56,980.98
12718.0,70,19,238.25
12719.0,4,42,608.1
12720.0,2,359,5713.28
12721.0,31,164,2628.98
12722.0,84,57,904.33
12723.0,3,69,725.07
12724.0,4,53,1031.41
12725.0,370,24,427.8
12726.0,27,124,2609.1
12727.0,10,141,3947.7
12728.0,70,46,836.33
12729.0,113,26,453.01
12731.0,23,277,18793.41
12732.0,179,12,236.26000000000002
12733.0,233,22,383.95
12734.0,352,4,110.39999999999999
12735.0,314,43,779.5699999999999
12736.0,332,4,234.0
12738.0,371,11,155.35
12739.0,77,38,1013.04
12740.0,63,27,427.6
12743.0,133,131,540.13
12744.0,51,229,9120.39
12747.0,1,103,4196.01
12748.0,0,4459,28405.56
12749.0,3,231,3868.2
12750.0,128,15,275.88
12752.0,80,53,4366.78
12753.0,3,230,21024.01
12754.0,235,65,2949.12
12755.0,249,6,2203.2
12756.0,86,4,112.07999999999998
12757.0,15,370,4205.25
12758.0,116,97,2791.59
12759.0,51,95,1531.44
12762.0,7,69,1898.52
12763.0,137,18,494.08
12764.0,316,45,1693.88
12766.0,3,310,6989.63
12769.0,238,32,1143.6
12770.0,210,12,1351.45
12772.0,59,55,892.47
12775.0,16,67,1351.24
12778.0,19,51,804.23
12779.0,20,159,3868.7
12781.0,20,30,707.72
12782.0,4,107,2273.32
12783.0,1,86,1603.87
12784.0,8,57,532.8199999999999
12785.0,2,15,305.71
12787.0,9,20,463.66
12789.0,64,4,91.85
12790.0,191,21,324.92
12791.0,373,2,192.60000000000002
12792.0,256,25,400.53999999999996
12793.0,334,24,545.48
12794.0,52,45,860.41
12795.0,18,14,430.48
12797.0,359,17,194.18
12798.0,9,8,6977.04
12802.0,183,26,412.58
12808.0,36,28,483.65000000000003
12809.0,167,26,484.36
12811.0,260,31,514.85
12812.0,44,15,229.64000000000001
12814.0,101,2,125.92
12815.0,147,47,1063.46
12816.0,95,29,572.2
12817.0,280,4,166.04
12818.0,177,16,1517.88
12820.0,2,59,942.34
12821.0,213,6,92.72
12822.0,70,47,918.98
12823.0,74,5,1759.5
12824.0,59,25,397.12
12826.0,2,94,1468.1200000000001
12827.0,5,25,430.15000000000003
12828.0,2,56,1018.71
12829.0,321,12,253.05
12830.0,37,39,6748.4
12831.0,261,9,215.05
12832.0,31,27,383.03
12833.0,144,24,417.38
12834.0,282,18,312.38
12836.0,58,174,2610.36
12837.0,172,12,134.1
12838.0,33,120,671.95
12839.0,2,316,5583.62
12840.0,143,116,2714.27
12841.0,4,433,3845.63
12842.0,69,34,1118.99
12843.0,65,108,1680.76
12844.0,28,52,325.96000000000004
12845.0,266,27,354.09
12847.0,21,84,843.64
12849.0,30,48,1010.29
12851.0,96,47,131.81
12852.0,289,20,299.75
12853.0,107,84,1881.7
12854.0,78,114,1280.9
12855.0,372,3,38.1
12856.0,7,314,2153.53
12857.0,210,46,1106.4
12863.0,51,6,504.2
12864.0,137,3,147.12
12865.0,25,96,1548.07
12866.0,282,26,559.12
12867.0,25,547,3958.74
12868.0,185,107,1607.0600000000002
12870.0,365,2,-14.899999999999999
12871.0,83,11,380.64
12872.0,326,66,599.97
12873.0,281,4,374.0
12875.0,142,2,343.2300000000001
12876.0,57,85,2218.02
12877.0,3,154,1535.77
12878.0,17,49,841.64
12879.0,44,12,552.5699999999999
12881.0,275,7,298.0
12882.0,8,13,1463.04
12883.0,24,42,703.47
12884.0,87,7,309.05
12885.0,62,72,1158.27
12886.0,67,86,1351.09
12888.0,213,7,313.77
12890.0,23,79,376.71999999999997
12891.0,185,3,331.0
12893.0,30,31,176.55
12895.0,41,24,347.3
12897.0,204,4,216.5
12901.0,8,125,16293.1
12902.0,264,10,138.68
12904.0,17,71,496.06
12906.0,11,63,2919.81
12908.0,58,4,246.0
12909.0,39,96,2128.83
12910.0,22,75,3075.04
12912.0,2,24,1662.3
12913.0,4,50,2483.63
12915.0,148,22,363.65
12916.0,138,105,2921.15
12917.0,127,2,594.0
12919.0,7,52,1301.44
12920.0,16,27,162.78
12921.0,3,741,16389.74
12922.0,160,28,405.38
12923.0,63,28,172.82
12924.0,87,31,929.95
12925.0,4,45,694.05
12928.0,34,84,2062.7000000000003
12929.0,121,9,105.1
12930.0,77,27,409.9
12931.0,21,102,33462.81
12933.0,23,107,606.28
12935.0,1,130,2156.45
12936.0,16,63,1012.9
12937.0,14,120,1504.27
12938.0,25,9,114.14
12939.0,63,47,11581.8
12940.0,45,100,862.44
12942.0,130,70,675.6
12943.0,300,1,-3.75
12944.0,35,30,604.51
12945.0,287,23,462.95
12947.0,143,103,1407.29
12948.0,15,118,2053.7
12949.0,30,219,4143.02
12950.0,1,23,1843.0
12951.0,8,65,1042.07
12952.0,5,80,1382.8400000000001
12953.0,9,17,329.85
12955.0,0,183,4734.26
12956.0,305,19,108.07
12957.0,3,244,3979.04
12962.0,6,16,266.39
12963.0,7,96,1841.03
12965.0,88,108,769.8100000000001
12966.0,9,10,160.18
12967.0,2,33,1194.75
12968.0,111,5,135.95
12970.0,6,129,405.47
12971.0,3,308,10930.26
12974.0,197,8,144.8
12976.0,211,22,738.6
12977.0,155,9,39.239999999999995
12980.0,155,24,7092.06
12981.0,29,20,372.21999999999997
12982.0,239,34,377.2
12984.0,18,4,97.5
12985.0,0,78,1215.6200000000001
12987.0,73,30,545.0
12988.0,291,83,505.82
12989.0,2,68,6854.51
12990.0,30,13,409.5
12991.0,22,31,503.76
12993.0,22,27,414.76
12994.0,3,73,902.22
12995.0,77,5,200.72
12997.0,21,67,1197.94
12999.0,195,28,455.88
13000.0,106,31,534.85
13001.0,3,340,9765.07
13002.0,317,7,120.94999999999999
13003.0,105,6,149.05
13004.0,11,409,5613.43
13005.0,173,29,468.95
13006.0,55,4,81.57
13008.0,322,15,178.46999999999997
13011.0,371,3,50.550000000000004
13012.0,8,106,1296.6200000000001
13013.0,0,222,4786.99
13014.0,2,124,3365.43
13015.0,52,175,3339.64
13016.0,72,47,789.89
13017.0,6,1,204.0
13018.0,15,459,7272.75
13021.0,3,134,2584.4
13023.0,63,40,689.9
13026.0,0,43,936.15
13027.0,113,26,6912.0
13028.0,22,47,659.68
13029.0,30,10,1247.5
13030.0,10,92,752.4399999999999
13032.0,38,75,996.52
13033.0,356,11,190.55
13034.0,54,37,642.77
13035.0,57,30,886.63
13037.0,137,48,881.07
13038.0,79,28,908.46
13040.0,8,43,676.99
13043.0,253,14,471.57
13044.0,290,33,560.47
13045.0,98,18,305.28000000000003
13046.0,30,35,629.31
13047.0,31,196,3079.1
13048.0,13,136,1789.41
13049.0,63,14,656.6800000000001
13050.0,8,422,5684.61
13052.0,211,18,348.15000000000003
13055.0,63,78,1201.96
13058.0,24,8,271.40000000000003
13059.0,249,8,183.4
13060.0,253,15,307.53
13061.0,71,10,248.61
13062.0,190,11,346.98
13064.0,12,68,1105.59
13065.0,372,14,205.86
13066.0,23,49,430.9
13067.0,81,15,115.46000000000001
13068.0,9,2,344.0
13069.0,0,469,3713.14
13070.0,191,9,228.8
13072.0,266,7,177.15
13075.0,129,22,919.61
13077.0,0,111,728.02
13078.0,0,380,12432.28
13079.0,3,6,220.10000000000002
13080.0,178,6,58.08
13081.0,0,1061,27964.48
13082.0,125,75,3595.48
13083.0,3,18,303.75
13085.0,157,29,272.38
13089.0,2,1853,57322.13
13090.0,8,161,8689.39
13091.0,20,24,319.82
13092.0,70,26,459.83
13093.0,266,170,7741.47
13094.0,20,30,1708.8600000000001
13095.0,70,6,74.39999999999999
13097.0,32,435,5886.12
13098.0,0,605,28658.88
13099.0,98,1,207.35999999999999
13101.0,233,8,101.19
13102.0,0,310,6336.29
13103.0,39,8,243.94
13104.0,2,20,1098.48
13106.0,128,2,59.5
13107.0,43,60,1524.07
13108.0,372,10,350.06
13109.0,2,50,766.84
13110.0,30,146,1452.8700000000001
13113.0,0,280,10510.0
13115.0,8,132,2205.63
13116.0,116,31,485.19
13117.0,21,76,984.91
13118.0,19,82,1125.0
13120.0,238,1,30.599999999999998
13121.0,268,53,254.73
13122.0,93,55,922.39
13124.0,89,222,3756.33
13126.0,4,142,2056.29
13127.0,77,15,259.17
13130.0,93,2,64.0
13131.0,22,46,1039.3
13132.0,261,3,77.3
13133.0,273,7,109.8
13134.0,72,105,1740.63
13135.0,196,1,3096.0
13136.0,49,139,2545.38
13137.0,10,688,3557.96
13138.0,21,63,962.39
13139.0,15,174,5055.79
13140.0,107,45,422.47
13141.0,84,136,2385.8
13142.0,18,23,307.09
13144.0,332,3,110.95
13145.0,39,7,614.77
13146.0,25,17,228.91
13147.0,9,4,712.8000000000001
13148.0,28,340,3324.62
13149.0,13,86,1676.06
13151.0,202,75,1250.3700000000001
13153.0,5,15,486.22
13154.0,143,1,-611.86
13155.0,32,85,971.76
13157.0,48,89,1721.57
13158.0,94,79,1201.06
13159.0,8,121,1371.25
13160.0,21,4,91.8
13161.0,312,8,112.75
13162.0,121,82,1644.99
13165.0,45,42,1021.48
13166.0,281,42,414.7
13167.0,18,65,791.33
13168.0,35,128,1290.54
13169.0,63,13,712.88
13170.0,26,30,108.81
13171.0,7,48,426.81
13173.0,3,43,353.65
13174.0,15,293,2742.82
13176.0,45,67,481.49
13177.0,64,17,282.45
13178.0,25,265,5725.47
13182.0,44,11,121.18
13183.0,7,94,3957.78
13184.0,14,181,1616.45
13185.0,267,1,71.4
13186.0,39,84,1539.69
13187.0,336,37,236.02
13188.0,10,2,114.60000000000001
13189.0,18,29,260.68
13192.0,94,63,911.94
13193.0,60,25,112.08
13194.0,135,3,60.7
13196.0,10,110,1797.78
13198.0,9,229,3384.09
13199.0,3,120,9803.96
13200.0,18,46,870.09
13203.0,9,57,869.46
13207.0,14,8,250.26000000000002
13208.0,58,149,1199.65
13209.0,29,329,5820.16
13210.0,93,22,353.48
13211.0,9,55,1095.42
13212.0,8,142,779.33
13213.0,56,92,1518.43
13216.0,267,5,333.74
13217.0,121,7,133.62
13218.0,126,5,62.63999999999999
13220.0,77,21,819.2900000000001
13221.0,239,66,847.41
13223.0,199,5,163.20000000000002
13224.0,59,109,2150.85
13225.0,2,34,6083.04
13226.0,272,16,108.21000000000001
13227.0,201,9,257.7
13228.0,80,2,358.0
13229.0,225,10,160.95
13230.0,3,588,2712.07
13232.0,12,202,1328.35
13233.0,73,43,605.12
13235.0,211,59,101.17000000000007
13236.0,24,39,727.27
13238.0,10,32,680.83
13239.0,261,22,329.56
13240.0,95,67,663.65
13242.0,111,13,270.40000000000003
13243.0,202,57,585.12
13244.0,92,27,121.74000000000001
13245.0,50,16,430.5
13246.0,17,138,1896.32
13247.0,17,25,501.12
13248.0,124,26,465.68
13249.0,91,23,711.41
13253.0,156,36,1030.4
13255.0,3,14,390.66
13256.0,13,1,0.0
13258.0,11,36,672.83
13259.0,61,81,283.18
13260.0,60,8,557.62
13261.0,268,9,944.1
13262.0,262,11,200.29
13263.0,0,1667,7436.93
13265.0,52,90,2092.66
13266.0,10,202,3717.67
13267.0,2,224,4404.44
13268.0,17,440,3127.7
13269.0,0,319,5312.97
13270.0,365,1,590.0
13271.0,36,92,172.37
13272.0,30,15,276.56
13273.0,112,16,138.98
13276.0,63,30,590.9300000000001
13277.0,15,8,258.4
13278.0,40,46,542.73
13279.0,63,11,126.30000000000001
13280.0,121,82,798.46
13282.0,17,40,1047.8400000000001
13283.0,59,7,93.66
13284.0,322,14,196.15
13285.0,22,187,2709.12
13291.0,155,42,361.11
13292.0,38,31,578.9399999999999
13294.0,189,54,873.74
13295.0,359,11,197.95000000000002
13296.0,136,5,87.4
13297.0,7,59,2089.85
13298.0,0,2,360.0
13299.0,267,5,142.5
13300.0,164,22,365.29
13301.0,103,81,618.09
13302.0,154,1,63.75
13304.0,350,21,300.42
13305.0,3,81,2000.86
13307.0,119,1,15.0
13308.0,22,57,1367.6100000000001
13309.0,6,107,1456.79
13310.0,8,77,1083.63
13311.0,3,26,598.57
13313.0,21,78,1555.32
13314.0,1,74,593.51
13316.0,36,87,5570.6900000000005
13317.0,63,135,2140.07
13318.0,0,20,640.76
13319.0,4,500,10664.34
13320.0,69,109,1475.2
13321.0,71,11,567.36
13322.0,16,25,199.48000000000002
13323.0,2,21,787.85
13324.0,31,77,7072.8
13325.0,81,12,675.3
13327.0,38,109,3617.57
13328.0,315,17,1308.48
13329.0,31,19,740.4
13330.0,92,53,1140.93
13332.0,13,21,350.9
13334.0,81,265,3502.32
13336.0,76,51,795.12
13338.0,153,24,431.82
13339.0,200,54,860.12
13340.0,44,134,10736.48
13341.0,260,42,775.85
13343.0,172,22,303.93
13344.0,67,116,2511.69
13345.0,276,22,377.6
13347.0,69,8,341.36
13348.0,63,14,233.76
13349.0,10,16,247.32
13350.0,15,43,910.72
13351.0,65,16,373.94
13352.0,7,27,389.28
13354.0,70,51,743.53
13355.0,121,32,674.7
13356.0,79,42,768.24
13357.0,256,89,609.4
13358.0,268,29,439.03
13359.0,58,24,431.26
13362.0,2,169,3085.4900000000002
13363.0,17,60,992.5
13364.0,66,20,0.0
13365.0,8,132,2191.22
13366.0,49,1,56.160000000000004
13368.0,256,29,623.4
13369.0,353,19,263.75
13370.0,365,44,721.32
13372.0,89,23,378.64
13373.0,60,158,3312.25
13375.0,80,38,772.9
13376.0,98,53,1019.76
13379.0,25,97,572.56
13381.0,20,173,3626.81
13382.0,280,15,222.99
13384.0,30,155,4122.28
13385.0,329,35,534.57
13388.0,120,36,627.15
13389.0,10,51,797.96
13390.0,74,13,544.08
13391.0,203,1,59.8
13394.0,1,164,2312.8
13395.0,184,21,307.72
13396.0,21,47,1325.29
13397.0,72,39,1539.18
13398.0,191,26,457.34
13402.0,126,39,621.23
13403.0,17,3,75.0
13404.0,0,11,252.49
13405.0,73,27,572.451
13408.0,1,501,27487.41
13410.0,8,30,988.91
13411.0,106,18,213.55
13414.0,133,24,1390.5
13416.0,43,19,712.5
13417.0,4,28,640.83
13418.0,11,314,5845.44
13419.0,63,16,221.06
13420.0,134,10,140.35
13421.0,39,103,1831.61
13422.0,50,128,2601.55
13425.0,107,78,1624.21
13426.0,0,159,3550.7000000000003
13427.0,18,29,582.6
13428.0,9,71,201.78
13429.0,10,67,1006.8
13430.0,18,54,648.6899999999999
13431.0,66,46,1269.1
13434.0,73,10,534.24
13435.0,4,103,3794.4900000000002
13436.0,1,12,196.89
13437.0,13,167,3408.06
13439.0,254,54,283.71
13441.0,91,13,296.64
13447.0,22,62,1104.23
13448.0,16,198,3460.9900000000002
13449.0,23,19,291.88
13450.0,26,71,2043.7199999999998
13451.0,25,434,2838.56
13452.0,258,2,590.0
13453.0,165,17,356.97999999999996
13455.0,24,53,1007.35
13456.0,17,65,1737.8200000000002
13458.0,6,394,9537.92
13460.0,28,17,183.44
13461.0,38,27,1445.0
13462.0,182,10,143.25
13464.0,57,41,674.68
13466.0,99,18,297.95
13467.0,10,98,1071.91
13468.0,1,306,5656.75
13470.0,98,10,165.0
13471.0,0,254,2501.84
13473.0,60,22,417.54
13474.0,235,62,226.84
13475.0,190,86,1431.78
13476.0,178,61,1092.77
13477.0,37,81,1441.53
13479.0,197,16,291.0
13481.0,45,112,1776.81
13482.0,231,11,184.64
13483.0,65,10,140.34
13484.0,240,8,313.8
13485.0,232,23,454.24
13486.0,77,69,1122.41
13487.0,57,34,575.4
13488.0,16,427,8910.61
13489.0,104,14,449.52
13491.0,51,86,1215.82
13492.0,135,50,1269.84
13493.0,274,8,618.63
13494.0,311,18,316.26000000000005
13495.0,7,52,1990.1200000000001
13496.0,10,36,617.93
13497.0,282,20,321.05
13499.0,17,45,1146.96
13500.0,22,67,1136.77
13501.0,242,53,1310.47
13502.0,16,18,292.0
13503.0,70,17,216.85
13504.0,63,22,295.93
13505.0,67,227,4282.88
13506.0,311,29,452.82
13507.0,2,162,2479.16
13508.0,243,12,110.97
13509.0,8,44,979.72
13510.0,0,117,1785.16
13512.0,260,15,251.21
13513.0,126,10,205.1
13514.0,73,4,152.20000000000002
13515.0,72,59,891.12
13516.0,20,44,1389.41
13517.0,59,143,2109.07
13518.0,85,36,627.16
13519.0,49,9,110.80000000000001
13520.0,58,95,3487.75
13521.0,0,418,1071.73
13522.0,29,5,125.80000000000001
13523.0,32,177,3755.38
13524.0,40,27,680.1800000000001
13525.0,14,6,628.78
13527.0,33,218,2218.61
13529.0,78,15,307.76
13531.0,204,22,483.8
13532.0,33,66,210.31
13533.0,182,75,269.09
13534.0,1,342,5613.08
13536.0,0,178,3444.39
13538.0,42,25,1280.85
13539.0,85,38,605.84
13544.0,39,78,276.06
13546.0,11,97,621.09
13548.0,95,123,678.16
13549.0,25,52,916.12
13551.0,318,4,91.80000000000001
13552.0,65,121,3539.53
13555.0,73,135,4098.88
13557.0,27,34,584.06
13558.0,5,169,594.52
13560.0,6,32,171.42000000000002
13561.0,215,14,141.85999999999999
13562.0,81,82,1799.33
13563.0,83,49,777.53
13564.0,143,83,623.3900000000001
13565.0,18,38,240.22
13566.0,40,169,856.84
13568.0,172,43,187.05
13569.0,16,79,338.62
13570.0,242,27,239.49
13571.0,12,340,2088.94
13572.0,205,33,1384.25
13573.0,49,25,290.25
13575.0,22,46,732.0699999999999
13576.0,9,130,6703.3
13577.0,24,85,1658.3
13579.0,14,23,467.04
13581.0,308,10,118.0
13583.0,155,53,781.03
13584.0,306,24,142.4
13587.0,31,11,347.0
13588.0,15,180,2445.12
13589.0,14,21,379.65
13590.0,10,89,1976.12
13591.0,64,58,1117.13
13592.0,35,16,247.95999999999998
13593.0,107,128,1965.0800000000002
13594.0,52,26,396.97
13596.0,5,146,664.11
13598.0,46,36,147.29
13599.0,0,263,5026.85
13600.0,311,19,219.52
13601.0,44,99,693.32
13602.0,64,23,428.89
13603.0,25,27,164.34
13606.0,28,40,276.75
13607.0,39,97,675.51
13610.0,11,217,1065.88
13611.0,88,74,1140.8
13614.0,23,195,1585.46
13615.0,312,24,399.99
13617.0,39,44,544.18
13618.0,173,13,177.34
13621.0,116,19,213.85
13623.0,30,83,652.4
13626.0,252,19,257.23
13627.0,58,94,1624.02
13629.0,22,59,7792.36
13630.0,4,80,1995.68
13631.0,99,12,3021.77
13632.0,24,146,2114.68
13634.0,32,186,1547.3600000000001
13635.0,67,62,1071.03
13636.0,36,64,941.62
13637.0,51,99,804.3
13638.0,15,8,122.64
13639.0,73,40,1033.34
13642.0,215,57,312.28
13643.0,30,28,519.44
13644.0,8,148,2597.52
13645.0,119,5,252.1
13647.0,9,79,1640.22
13649.0,256,23,346.6
13650.0,16,98,1809.34
13651.0,34,6,94.2
13652.0,45,63,1095.08
13654.0,42,166,2707.33
13655.0,113,56,932.97
13656.0,164,49,379.65
13657.0,10,16,382.14
13658.0,9,112,2421.47
13659.0,196,107,1540.65
13662.0,85,57,862.58
13663.0,178,13,189.47
13666.0,59,12,84.65
13667.0,148,83,299.05
13668.0,2,494,6162.31
13669.0,50,9,218.55
13670.0,74,25,349.7
13672.0,300,16,-71.46
13673.0,18,60,387.44
13675.0,150,25,486.82000000000005
13678.0,151,16,232.6
13680.0,0,215,2199.01
13681.0,17,57,827.83
13682.0,186,3,59.5
13684.0,285,30,62.13
13685.0,2,39,3119.44
13686.0,182,8,72.0
13689.0,62,6,910.0
13690.0,58,9,172.25
13692.0,24,55,1466.8700000000001
13693.0,324,4,-32.0
13694.0,3,584,62690.54
13695.0,30,90,2504.13
13697.0,38,12,151.29999999999998
13699.0,154,14,308.58000000000004
13700.0,25,194,2248.63
13703.0,317,1,99.5
13704.0,4,135,2295.31
13705.0,7,28,711.86
13706.0,302,20,330.79
13707.0,266,48,806.41
13708.0,270,49,285.33
13709.0,3,345,6228.71
13710.0,31,8,180.48
13711.0,218,13,252.06
13712.0,246,10,228.84
13715.0,280,107,1051.99
13716.0,268,21,138.28
13717.0,31,103,1432.26
13718.0,245,12,306.55
13719.0,14,60,1041.68
13720.0,116,43,799.9
13721.0,35,28,524.14
13722.0,119,86,2369.16
13723.0,216,6,199.85000000000002
13725.0,49,118,1809.81
13726.0,38,42,1079.6599999999999
13727.0,28,20,333.48
13728.0,36,63,1016.14
13730.0,135,43,752.6
13731.0,218,38,610.59
13732.0,27,33,491.86
13735.0,24,207,2764.48
13736.0,4,193,721.9
13737.0,199,30,339.59999999999997
13739.0,17,3,216.9
13740.0,240,23,350.75
13741.0,71,35,666.33
13742.0,16,315,3079.27
13743.0,2,42,1340.1499999999999
13744.0,94,63,1080.52
13745.0,150,26,291.54
13747.0,373,1,79.6
13748.0,95,28,948.25
13750.0,53,24,1647.26
13751.0,287,9,296.25
13752.0,123,75,1175.38
13753.0,287,35,741.26
13754.0,151,12,282.59999999999997
13755.0,3,322,2101.39
13756.0,1,143,5145.12
13758.0,11,117,3190.55
13759.0,32,25,659.4100000000001
13760.0,53,57,286.79
13761.0,49,70,1070.65
13762.0,203,14,3.552713678800501e-15
13763.0,62,17,1689.46
13764.0,70,207,1519.42
13767.0,1,399,16945.71
13769.0,1,143,2771.87
13771.0,63,120,2631.7
13772.0,33,173,1122.63
13774.0,81,22,345.0
13777.0,0,219,25748.350000000002
13778.0,102,9,178.7
13780.0,6,57,360.01
13781.0,250,17,127.84
13782.0,12,113,908.86
13784.0,9,31,2462.79
13786.0,366,7,230.39999999999998
13787.0,75,31,309.04
13790.0,3,45,348.8
13791.0,42,17,1047.68
13792.0,65,13,195.55
13798.0,0,438,36352.87
13799.0,116,39,688.86
13800.0,309,33,558.32
13801.0,66,23,324.8
13802.0,137,66,3906.27
13803.0,254,17,277.07
13804.0,30,135,2588.39
13805.0,51,13,924.6
13806.0,63,10,256.38
13807.0,366,7,112.6
13808.0,5,76,1747.66
13809.0,304,12,155.05
13810.0,28,36,899.51
13811.0,183,14,591.75
13812.0,41,36,539.0
13813.0,39,71,1353.41
13814.0,55,58,1562.12
13815.0,21,177,4014.91
13816.0,23,33,555.04
13817.0,28,24,382.98
13819.0,301,36,1140.35
13821.0,144,59,385.64
13822.0,5,96,632.0
13823.0,18,40,957.66
13824.0,32,46,1698.94
13826.0,157,12,174.65
13827.0,57,92,409.8
13828.0,21,15,209.49
13829.0,358,1,-102.0
13831.0,15,72,2198.45
13832.0,17,4,40.949999999999996
13833.0,158,28,383.85
13835.0,24,55,834.57
13837.0,211,18,266.59000000000003
13838.0,5,165,674.82
13841.0,252,1,85.0
13842.0,58,206,3385.62
13844.0,10,20,361.62
13845.0,64,9,312.98
13846.0,24,58,847.61
13848.0,91,5,1255.0
13849.0,51,101,1537.95
13850.0,87,94,1586.81
13851.0,95,81,2651.46
13853.0,8,24,1056.94
13854.0,8,114,8025.0199999999995
13856.0,168,17,363.4
13858.0,56,11,216.17
13859.0,325,28,201.16
13860.0,0,77,1240.0
13862.0,17,142,2187.31
13863.0,244,22,299.56
13865.0,57,30,501.56
13866.0,73,7,145.67000000000002
13867.0,30,60,1005.09
13868.0,6,33,3192.54
13869.0,122,304,3083.65
13870.0,1,118,2751.25
13871.0,22,338,6389.8
13873.0,119,24,381.7
13874.0,357,18,540.45
13875.0,53,104,1786.79
13876.0,63,7,122.7
13877.0,85,3,117.24
13878.0,54,35,1271.57
13880.0,20,165,3219.77
13881.0,3,180,16989.52
13882.0,2,66,1131.28
13883.0,0,155,2538.75
13884.0,6,60,781.3000000000001
13885.0,188,28,506.8
13886.0,70,16,243.56
13887.0,203,19,349.55
13888.0,119,39,595.67
13889.0,92,15,416.90000000000003
13890.0,0,114,1860.8600000000001
13892.0,26,27,632.97
13893.0,297,21,821.1
13894.0,21,30,535.97
13895.0,20,119,2588.12
13897.0,49,17,311.16
13898.0,325,12,155.93
13899.0,15,19,388.52
13900.0,182,43,740.95
13901.0,71,149,2867.2
13904.0,36,26,332.64
13908.0,79,126,2347.05
13911.0,56,148,2580.91
13914.0,3,34,613.95
13917.0,49,18,272.04
13918.0,49,30,1212.8400000000001
13919.0,52,33,350.15999999999997
13922.0,351,7,172.25
13923.0,53,20,351.13
13924.0,1,137,1682.08
13925.0,35,45,616.65
13926.0,22,11,223.85000000000002
13927.0,74,21,348.99
13928.0,10,27,464.57
13929.0,168,10,802.85
13930.0,57,17,337.34
13931.0,85,59,1230.93
13932.0,294,16,307.4
13933.0,108,23,608.7900000000001
13934.0,263,31,922.1
13936.0,170,27,361.28
13937.0,168,9,158.85
13938.0,34,7,71.66
13939.0,22,46,556.75
13940.0,16,49,839.14
13941.0,21,47,4912.41
13946.0,78,11,561.5699999999999
13947.0,64,5,90.6
13948.0,360,3,102.0
13949.0,2,160,2427.32
13950.0,10,36,728.56
13951.0,175,39,674.45
13952.0,210,138,3246.091
13953.0,6,20,3515.68
13954.0,1,30,378.59
13955.0,153,33,322.96
13956.0,4,147,1019.27
13958.0,371,5,-102.45
13959.0,78,90,594.04
13960.0,20,12,230.22
13962.0,21,11,169.55
13963.0,307,35,664.54
13967.0,145,2,80.7
13969.0,6,626,8956.92
13971.0,8,158,2702.2200000000003
13972.0,70,15,190.25
13973.0,286,11,264.7
13974.0,48,28,413.59000000000003
13975.0,30,331,2438.19
13976.0,206,10,357.98
13978.0,14,15,196.79000000000002
13979.0,72,54,869.87
13980.0,59,11,200.14
13982.0,38,115,1861.11
13983.0,29,112,2590.46
13984.0,26,17,488.03
13985.0,3,353,7024.53
13986.0,16,13,320.46
13988.0,19,239,4098.8
13989.0,65,41,1266.08
13990.0,212,16,311.3
13991.0,11,84,847.54
13992.0,29,5,76.8
13993.0,31,125,3409.66
13994.0,3,148,2274.14
13995.0,14,87,1383.49
13999.0,9,212,3865.26
14000.0,205,16,633.71
14001.0,45,40,2030.3300000000002
14002.0,133,47,529.73
14004.0,42,171,4582.64
14005.0,9,84,2874.72
14006.0,115,30,962.19
14009.0,197,44,685.9300000000001
14012.0,277,11,328.8
14013.0,109,34,473.02
14014.0,76,39,505.18
14015.0,52,20,917.34
14016.0,153,162,4328.46
14019.0,46,68,1398.96
14020.0,16,39,642.8
14021.0,154,22,631.9
14022.0,224,28,440.0
14023.0,6,31,584.07
14024.0,121,16,327.7
14027.0,60,6,104.82
14029.0,62,15,467.66
14030.0,17,242,2358.84
14031.0,6,258,14634.640000000001
14032.0,1,152,2929.84
14034.0,21,89,509.09
14035.0,28,66,1428.02
14036.0,284,38,626.65
14037.0,175,28,147.20000000000002
14038.0,77,93,1554.48
14039.0,32,6,152.2
14040.0,40,235,3487.59
14041.0,265,21,141.41
14044.0,26,206,646.42
14045.0,108,6,1659.75
14046.0,283,14,154.99
14047.0,8,34,1290.01
14048.0,276,88,375.13
14049.0,16,495,5536.15
14050.0,31,54,746.36
14051.0,0,215,15477.34
14052.0,19,56,225.36
14053.0,123,4,260.25
14054.0,64,6,92.46
14055.0,105,10,725.6400000000001
14056.0,0,1110,8062.46
14057.0,23,290,6141.099999999999
14059.0,266,8,183.6
14060.0,4,203,6135.38
14062.0,9,111,10464.85
14064.0,28,79,1168.92
14066.0,266,7,152.55
14067.0,63,52,374.7
14068.0,319,24,265.85
14071.0,3,332,1306.16
14073.0,20,14,139.54
14075.0,4,43,942.26
14076.0,128,44,118.67
14077.0,40,42,499.41999999999996
14078.0,101,65,1049.37
14079.0,124,12,375.1
14080.0,32,4,45.599999999999994
14081.0,266,153,891.77
14082.0,364,29,182.25
14083.0,3,177,1002.9
14085.0,1,449,4408.54
14087.0,2,69,178.72
14088.0,9,590,50415.49
14089.0,56,13,158.75
14090.0,324,1,76.32000000000001
14092.0,7,217,4063.1
14093.0,11,100,433.86
14096.0,3,5128,57120.909999999996
14098.0,36,21,147.35
14099.0,15,252,3092.9700000000003
14100.0,137,25,191.95000000000002
14101.0,73,35,5976.79
14102.0,4,63,1060.33
14104.0,154,21,216.20999999999998
14105.0,84,76,1260.33
14107.0,51,124,2688.48
14108.0,30,35,594.16
14109.0,22,14,80.2
14110.0,3,157,5669.65
14111.0,13,11,688.6
14112.0,22,173,2774.17
14113.0,3,40,1377.92
14114.0,273,15,386.53
14116.0,19,72,1382.74
14117.0,143,3,90.0
14119.0,353,1,-19.9
14121.0,3,161,2740.3
14124.0,83,5,419.58000000000004
14125.0,10,166,2720.63
14126.0,7,16,643.6300000000001
14127.0,122,44,709.71
14128.0,60,46,637.5
14129.0,1,52,1123.8600000000001
14130.0,318,66,480.91
14132.0,1,201,3580.13
14133.0,129,30,590.3399999999999
14135.0,1,134,4690.31
14138.0,1,46,965.8800000000001
14139.0,45,26,415.82
14140.0,3,67,920.05
14141.0,2,46,879.0300000000001
14142.0,372,22,311.81
14143.0,133,7,115.8
14145.0,46,12,3148.2
14146.0,8,245,2949.57
14147.0,48,6,468.4
14148.0,233,3,157.2
14149.0,212,40,259.43
14150.0,35,26,658.64
14152.0,74,50,611.09
14154.0,238,52,1345.62
14155.0,265,6,118.75
14156.0,9,1415,113214.59
14157.0,19,47,392.44
14158.0,39,41,507.66
14159.0,19,1183,4615.64
14161.0,215,104,1097.6200000000001
14162.0,173,25,289.36
14163.0,86,52,2445.91
14164.0,70,29,1631.77
14165.0,275,24,120.44
14167.0,38,50,562.59
14171.0,97,58,363.79
14173.0,10,29,450.84
14174.0,32,26,134.46
14175.0,50,164,3108.06
14176.0,296,32,574.0
14177.0,84,42,544.51
14178.0,8,318,1600.26
14179.0,40,157,701.57
14180.0,10,248,4640.77
14184.0,66,24,452.89
14185.0,330,3,197.65
14188.0,8,71,2018.91
14189.0,1,277,4604.31
14191.0,1,263,4660.01
14193.0,67,42,853.39
14194.0,4,604,11216.75
14195.0,201,8,962.7
14196.0,106,6,335.52
14198.0,3,44,663.5
14199.0,217,2,185.39999999999998
14201.0,59,39,688.04
14204.0,1,39,150.61
14205.0,10,39,218.78
14206.0,238,21,308.26
14208.0,94,10,151.74
14209.0,10,88,2067.13
14210.0,90,103,1900.89
14211.0,52,118,2208.3
14212.0,89,9,1070.48
14213.0,371,5,-1192.2
14214.0,30,70,1000.23
14215.0,11,109,1777.92
14216.0,2,59,1839.3
14217.0,1,107,1925.3600000000001
14218.0,42,12,169.48000000000002
14219.0,3,7,89.94
14220.0,246,21,632.4
14221.0,41,194,3427.85
14222.0,176,41,683.17
14223.0,91,61,975.23
14224.0,109,113,1009.73
14226.0,28,72,2184.2400000000002
14227.0,25,183,3315.71
14229.0,51,43,1450.6
14231.0,178,54,822.0600000000001
14232.0,31,118,2043.93
14233.0,43,36,1447.51
14234.0,21,147,754.12
14235.0,9,80,3093.86
14236.0,80,15,490.86
14237.0,372,9,161.0
14238.0,325,8,146.85
14239.0,42,116,2323.5
14240.0,29,42,890.34
14241.0,183,10,213.70000000000002
14242.0,234,16,280.55
14243.0,8,148,2535.88
14245.0,175,112,1677.48
14246.0,110,75,1474.06
14247.0,277,20,136.76999999999998
14248.0,317,8,302.58
14250.0,6,111,1904.05
14251.0,1,78,2879.7000000000003
14256.0,253,54,935.0600000000001
14257.0,50,107,3087.27
14258.0,8,112,12650.08
14259.0,141,5,120.0
14261.0,50,52,1163.45
14262.0,7,143,2618.23
14264.0,154,19,319.47
14265.0,108,31,530.18
14267.0,150,66,1279.09
14270.0,331,29,492.65000000000003
14271.0,225,10,112.32
14272.0,73,33,437.96
14273.0,50,29,559.97
14276.0,87,75,1019.39
14277.0,14,225,3928.8
14280.0,196,8,134.04
14282.0,2,154,3701.44
14284.0,30,34,578.45
14285.0,20,27,1910.01
14286.0,23,285,4595.81
14287.0,7,11,151.23000000000002
14288.0,211,17,413.85
14289.0,8,47,911.26
14290.0,10,103,2307.4500000000003
14291.0,1,238,3873.3
14292.0,7,108,4819.33
14293.0,2,61,1046.56
14295.0,39,7,154.70000000000002
14297.0,17,64,1284.06
14298.0,2,1640,50862.44
14299.0,7,162,2855.35
14300.0,18,3,43.2
14301.0,107,16,632.04
14304.0,222,27,197.1
14305.0,70,110,1803.76
14306.0,50,35,2083.42
14307.0,88,180,2995.72
14309.0,7,123,2319.68
14311.0,224,27,229.71
14312.0,46,87,1611.59
14314.0,106,8,120.0
14315.0,20,104,2456.98
14317.0,64,24,508.58000000000004
14320.0,206,42,343.11
14321.0,10,123,1530.75
14323.0,114,41,574.26
14326.0,234,9,166.85
14327.0,162,12,311.65
14329.0,8,268,4889.14
14331.0,123,28,462.65999999999997
14332.0,22,25,840.21
14333.0,63,19,351.45
14334.0,16,163,2539.46
14335.0,15,60,454.86
14336.0,16,90,1614.91
14338.0,157,34,554.22
14339.0,234,18,289.90999999999997
14340.0,218,6,134.7
14341.0,44,129,2151.08
14342.0,20,24,607.71
14344.0,126,71,889.9300000000001
14345.0,38,6,108.97999999999999
14346.0,120,60,1021.58
14348.0,259,18,409.57
14349.0,9,31,133.5
14350.0,270,21,258.7
14351.0,164,1,51.0
14352.0,156,47,1078.96
14353.0,214,6,90.6
14354.0,5,9,163.62
14355.0,365,11,174.4
14356.0,59,38,666.9399999999999
14357.0,42,40,225.12
14359.0,18,58,882.58
14360.0,31,117,2118.03
14362.0,21,37,151.5
14364.0,108,69,3717.35
14367.0,7,530,9134.12
14368.0,319,8,155.0
14371.0,294,4,100.5
14373.0,357,4,76.55
14375.0,184,66,235.56
14377.0,190,11,617.05
14379.0,43,46,348.1
14381.0,51,56,202.68
14382.0,25,126,615.49
14383.0,37,59,1247.69
14385.0,8,14,202.11
14386.0,296,7,142.4
14387.0,32,139,1727.6
14388.0,8,191,3172.04
14389.0,8,62,999.72
14390.0,9,289,4582.22
14393.0,217,5,67.95
14395.0,1,351,3444.11
14396.0,64,73,487.99
14397.0,0,95,2556.68
14400.0,140,26,559.7
14401.0,3,183,4039.98
14403.0,129,26,1426.31
14404.0,33,101,1409.72
14406.0,118,8,156.75
14407.0,106,76,2111.08
14408.0,10,106,2599.03
14409.0,70,55,1908.25
14410.0,15,282,573.45
14411.0,310,14,1063.0
14412.0,34,45,761.3299999999999
14413.0,361,22,121.05
14414.0,91,98,1485.1299999999999
14415.0,0,601,5766.85
14416.0,21,14,490.22
14418.0,3,124,1937.25
14419.0,10,202,1051.79
14420.0,84,30,385.87
14421.0,56,27,813.11
14422.0,0,222,4263.64
14423.0,217,3,265.2
14424.0,17,1,322.08
14426.0,18,264,3918.9
14427.0,49,17,363.34000000000003
14428.0,6,141,1209.3700000000001
14431.0,298,21,423.26
14432.0,9,377,2248.5
14434.0,21,12,1372.8
14436.0,98,9,89.06
14437.0,142,6,-43.400000000000006
14438.0,305,9,131.9
14439.0,319,32,2661.24
14440.0,7,55,2357.6800000000003
14441.0,0,59,1545.14
14442.0,1,68,1544.62
14443.0,53,98,1400.88
14446.0,0,277,1010.35
14447.0,18,70,1163.23
14448.0,8,20,375.35
14449.0,18,250,885.8
14450.0,180,40,483.25
14451.0,59,105,643.9
14452.0,10,60,259.05
14453.0,189,22,119.93
14456.0,4,954,3002.5099999999998
14457.0,310,4,113.64
14459.0,154,37,1837.92
14460.0,109,17,383.34
14461.0,147,180,2103.06
14462.0,63,239,1942.45
14463.0,97,6,529.62
14465.0,246,123,1038.44
14466.0,28,72,2272.4
14467.0,17,89,596.26
14470.0,11,43,461.19
14472.0,103,265,1852.67
14473.0,73,7,234.34000000000003
14474.0,42,30,537.71
14475.0,71,47,799.82
14476.0,256,17,193.0
14477.0,19,11,1307.81
14479.0,253,18,316.25
14480.0,10,13,279.05
14481.0,164,30,636.51
14482.0,17,137,2022.81
14483.0,149,10,129.2
14484.0,49,14,321.92
14485.0,38,46,162.8
14487.0,26,141,1152.73
14488.0,50,49,1047.43
14489.0,206,30,463.38
14491.0,174,17,340.93
14493.0,6,123,2362.84
14494.0,25,7,139.56
14495.0,50,6,123.8
14496.0,311,19,538.8100000000001
14497.0,300,31,457.47
14498.0,42,193,1957.32
14499.0,25,190,808.44
14500.0,87,7,356.85
14501.0,63,12,190.31
14502.0,19,615,2310.18
14503.0,2,164,3543.26
14504.0,46,107,673.26
14505.0,16,789,5772.49
14506.0,16,295,1960.65
14507.0,23,97,1352.88
14508.0,21,55,268.05
14511.0,10,71,1267.4099999999999
14512.0,187,23,275.28
14513.0,100,18,438.49
14514.0,60,69,990.2
14515.0,17,98,2076.89
14517.0,32,18,330.45
14518.0,63,16,174.37
14520.0,1,4,270.6
14522.0,23,17,974.54
14523.0,107,12,241.09
14524.0,31,197,1843.83
14525.0,8,289,4105.07
14527.0,2,1010,7709.69
14528.0,36,18,364.21999999999997
14529.0,59,213,578.61
14530.0,25,213,2862.11
14532.0,235,64,932.85
14533.0,24,65,1812.6200000000001
14534.0,2,547,4025.6
14535.0,58,331,2831.7400000000002
14536.0,259,18,170.95
14537.0,57,10,355.56
14538.0,64,19,388.25
14539.0,15,32,537.48
14540.0,9,71,952.66
14541.0,58,105,1453.35
14542.0,185,5,103.25
14543.0,3,105,2916.17
14544.0,23,111,2004.3
14546.0,3,415,2482.86
14547.0,3,356,3953.9500000000003
14548.0,150,4,652.8
14549.0,310,56,289.24
14550.0,10,47,757.37
14551.0,17,10,186.23
14552.0,151,57,164.22
14553.0,18,113,859.27
14554.0,9,203,2279.4900000000002
14555.0,56,19,312.54
14557.0,63,32,0.0
14560.0,6,76,2174.18
14561.0,75,69,1080.76
14562.0,3,441,4676.62
14565.0,95,129,3073.77
14566.0,110,4,1432.0
14567.0,34,34,1524.46
14569.0,0,12,227.39
14570.0,280,29,218.06
14572.0,2,265,2775.39
14573.0,179,233,1590.12
14576.0,371,1,35.400000000000006
14577.0,12,123,859.71
14578.0,2,24,168.63
14581.0,16,17,138.6
14582.0,40,6,114.11
14583.0,5,302,986.96
14584.0,168,99,1020.06
14585.0,49,29,157.05
14586.0,226,27,134.16
14587.0,18,372,1577.39
14589.0,371,3,39.75
14591.0,14,176,1320.21
14592.0,34,158,557.94
14593.0,21,151,617.15
14594.0,6,52,363.33
14595.0,19,102,1740.6
14597.0,10,47,866.24
14598.0,43,50,221.97
14600.0,305,25,393.33000000000004
14601.0,10,7,213.96
14603.0,274,2,660.0
14606.0,0,2759,11633.35
14607.0,15,109,10981.1
14608.0,3,20,1785.15
14609.0,71,4,601.56
14616.0,242,3,406.08000000000004
14618.0,8,17,538.59
14619.0,238,22,379.51
14620.0,203,30,393.28000000000003
14621.0,0,96,1765.76
14622.0,184,21,320.58000000000004
14623.0,31,134,866.8000000000001
14624.0,56,13,225.85
14625.0,184,57,848.48
14626.0,8,126,2757.07
14627.0,311,5,-21.85
14628.0,90,24,671.96
14629.0,3,151,935.46
14631.0,50,41,1006.98
14632.0,262,8,114.56
14633.0,265,20,344.90000000000003
14636.0,35,28,609.85
14638.0,50,16,443.6
14639.0,51,175,2952.34
14640.0,15,112,2024.45
14641.0,21,7,110.46
14642.0,58,2,96.12
14643.0,169,34,668.61
14644.0,8,29,780.46
14645.0,156,30,597.09
14646.0,1,2085,279489.02
14647.0,200,28,236.04000000000002
14649.0,4,186,1402.59
14651.0,66,101,653.75
14652.0,76,29,114.18
14653.0,0,234,1926.65
14655.0,3,50,1930.15
14656.0,168,80,291.05
14657.0,17,127,838.27
14658.0,4,29,247.15
14659.0,8,259,2456.53
14660.0,86,30,285.74
14661.0,26,4,107.95
14662.0,28,157,741.37
14664.0,19,98,636.24
14665.0,60,117,1258.38
14666.0,23,14,195.25
14667.0,10,570,9165.04
14669.0,241,166,1259.24
14670.0,279,123,392.86
14672.0,234,61,765.55
14673.0,2,74,1736.4
14675.0,15,97,596.36
14676.0,30,44,2543.2400000000002
14679.0,371,1,-2.55
14680.0,24,320,26932.34
14681.0,70,7,498.95
14682.0,187,2,52.0
14684.0,25,390,1201.51
14687.0,106,15,628.38
14688.0,7,356,5055.61
14689.0,208,13,112.8
14690.0,43,52,341.96
14691.0,30,71,2114.33
14692.0,136,69,582.05
14693.0,264,8,172.9
14696.0,3,133,2070.97
14697.0,217,22,188.60999999999999
14698.0,1,200,1217.27
14699.0,213,8,109.13000000000001
14700.0,31,112,2195.1
14701.0,10,342,2462.94
14702.0,0,343,3210.29
14703.0,14,22,318.17
14704.0,10,393,1493.96
14705.0,198,1,179.0
14708.0,2,29,1096.67
14709.0,14,197,4911.14
14710.0,13,136,599.48
14711.0,9,347,2809.02
14712.0,28,25,917.07
14713.0,8,340,2660.1
14714.0,23,10,160.19
14715.0,24,71,867.38
14716.0,42,51,307.51
14719.0,1,236,1571.89
14720.0,5,37,663.81
14722.0,146,28,180.42000000000002
14723.0,9,259,1122.3600000000001
14725.0,24,47,655.58
14727.0,273,10,268.58
14729.0,373,71,313.49
14730.0,0,462,1897.57
14731.0,46,45,380.02
14732.0,7,149,2686.34
14733.0,8,216,9451.54
14735.0,3,205,5807.6900000000005
14737.0,3,17,1164.55
14738.0,38,56,1289.94
14739.0,1,61,3899.1
14740.0,190,93,1423.21
14741.0,11,59,1400.34
14744.0,15,28,1088.53
14745.0,112,70,1167.16
14747.0,247,19,294.3
14748.0,28,92,1311.79
14752.0,43,5,389.64
14753.0,86,30,563.15
14754.0,44,41,638.05
14755.0,9,237,4965.38
14756.0,14,38,738.96
14757.0,74,19,420.5
14758.0,144,71,1484.06
14759.0,4,102,1625.97
14760.0,293,7,53.8
14761.0,58,11,255.9
14762.0,263,21,300.52
14764.0,43,7,250.55
14765.0,28,39,254.11
14766.0,7,137,2423.07
14768.0,16,6,139.5
14769.0,2,1066,10383.83
14770.0,231,52,876.42
14772.0,111,9,139.26
14775.0,57,60,1011.9
14776.0,50,134,2195.58
14777.0,3,3,-17.45
14778.0,126,35,730.86
14779.0,280,41,386.15
14780.0,54,27,447.68
14782.0,319,6,200.10000000000002
14784.0,25,15,289.99
14785.0,9,3,77.4
14788.0,6,30,679.4399999999999
14789.0,28,6,197.64
14790.0,16,46,745.06
14792.0,63,4,0.0
14793.0,3,15,214.14
14794.0,2,82,1272.11
14795.0,165,6,131.45000000000002
14796.0,0,1156,7792.51
14798.0,52,12,173.74
14799.0,50,13,157.7
14800.0,47,390,4228.39
14801.0,60,57,189.34
14803.0,161,44,845.55
14804.0,8,12,353.27
14805.0,14,46,546.4
14806.0,74,11,193.39000000000001
14808.0,39,252,2152.8
14810.0,40,254,2085.33
14813.0,369,29,152.88
14815.0,36,53,778.5
14816.0,196,4,271.85
14817.0,199,63,1110.34
14818.0,73,48,657.8
14819.0,63,13,272.07
14820.0,20,29,507.29
14821.0,366,2,48.800000000000004
14823.0,179,70,321.43
14824.0,9,29,1127.71
14825.0,3,120,2221.01
14828.0,196,17,2139.76
14829.0,28,45,644.65
14830.0,52,39,188.88
14834.0,17,70,1698.35
14836.0,9,6,102.44999999999999
14837.0,89,110,1641.2
14840.0,267,4,62.85
14841.0,52,138,3295.76
14842.0,34,158,2456.8
14844.0,63,130,3189.81
14847.0,148,13,309.4
14849.0,21,392,7904.28
14850.0,311,22,278.15
14851.0,22,28,511.35
14852.0,57,143,2836.69
14853.0,8,10,463.05
14854.0,77,130,2730.09
14855.0,118,20,645.65
14856.0,35,65,1290.53
14857.0,59,61,1165.65
14859.0,12,59,1352.04
14860.0,8,12,168.62
14861.0,51,6,125.79
14862.0,25,48,841.1999999999999
14863.0,28,11,266.76
14865.0,6,4,52.2
14866.0,10,103,14197.45
14867.0,185,37,701.33
14868.0,2,147,2939.64
14869.0,3,71,717.7
14870.0,261,13,327.25
14871.0,2,93,501.28000000000003
14873.0,209,28,519.68
14875.0,8,50,1448.72
14878.0,12,122,1476.09
14880.0,76,46,690.59
14881.0,19,17,255.4
14882.0,26,11,589.7
14883.0,18,54,756.64
14885.0,131,15,765.3199999999999
14886.0,252,18,364.8
14887.0,78,6,1862.0
14888.0,206,20,369.2
14889.0,335,10,135.9
14890.0,253,7,125.65
14891.0,147,33,554.38
14893.0,9,73,1237.8500000000001
14894.0,84,23,655.75
14895.0,7,506,11020.26
14896.0,204,43,468.77000000000004
14897.0,7,55,1366.38
14898.0,22,112,1194.11
14901.0,10,98,1414.99
14902.0,20,24,314.11
14903.0,20,359,2729.18
14904.0,1,69,1025.44
14905.0,153,18,599.9
14907.0,2,168,3478.85
14908.0,73,9,277.8
14910.0,2,35,389.86
14911.0,0,5898,132458.73
14912.0,16,28,841.52
14913.0,35,87,1227.43
14915.0,85,13,258.83
14916.0,70,79,1264.84
14918.0,115,45,1610.15
14920.0,212,57,977.77
14921.0,29,78,1316.07
14923.0,50,44,749.1
14924.0,245,10,310.05
14929.0,31,11,223.88
14930.0,108,127,2362.96
14931.0,4,42,964.6800000000001
14932.0,365,17,363.53
14934.0,72,88,1888.84
14935.0,296,10,1784.71
14936.0,8,366,8117.42
14937.0,56,35,1617.63
14944.0,29,172,5842.95
14946.0,13,3,100.9
14947.0,71,14,290.82
14948.0,22,64,1066.57
14950.0,8,20,361.25
14951.0,78,20,311.69
14952.0,45,149,7912.79
14953.0,24,54,285.67
14954.0,11,77,294.85
14957.0,252,12,58.49
14958.0,146,41,483.72999999999996
14959.0,58,61,684.97
14960.0,7,27,221.27
14961.0,10,317,7006.58
14962.0,270,5,126.7
14963.0,9,192,1472.34
14964.0,246,13,206.21
14965.0,95,81,596.09
14966.0,14,36,183.02
14967.0,49,6,463.8
14968.0,29,37,147.59
14970.0,67,34,1592.06
14971.0,34,155,1097.98
14972.0,127,18,114.77
14973.0,106,32,1314.45
14974.0,36,17,89.94
14975.0,56,11,279.94
14976.0,56,73,765.86
14978.0,71,214,1921.3700000000001
14981.0,245,8,102.12
14984.0,18,39,202.37
14985.0,197,83,292.01
14987.0,15,4,326.4
14988.0,211,40,334.54
14995.0,38,60,231.98000000000002
14997.0,45,27,540.98
14998.0,169,74,414.87
15000.0,47,77,490.52
15002.0,115,115,1641.76
15004.0,146,154,1220.77
15005.0,15,1152,6160.54
15006.0,50,132,480.38
15007.0,158,12,156.91
15009.0,11,180,1259.43
15010.0,35,20,308.94
15012.0,53,122,405.04
15014.0,42,33,257.67
15016.0,172,20,170.04
15017.0,33,20,125.58
15018.0,38,32,456.26
15019.0,266,66,252.81
15021.0,8,451,1829.23
15022.0,11,121,852.39
15023.0,2,554,6680.81
15024.0,9,152,1636.43
15025.0,32,67,361.96
15026.0,79,61,469.0
15027.0,30,37,1051.95
15028.0,7,48,627.13
15030.0,71,7,518.28
15031.0,3,110,653.19
15032.0,255,55,4464.1
15033.0,4,504,2541.53
15034.0,15,396,4243.21
15035.0,89,27,252.73000000000002
15036.0,71,119,429.56
15038.0,42,128,645.84
15039.0,9,1483,19638.59
15041.0,169,66,179.93
15042.0,198,5,135.93
15043.0,30,3,537.0
15044.0,18,452,7563.88
15045.0,151,13,633.66
15046.0,8,202,4940.66
15047.0,269,22,343.62
15048.0,64,95,377.52
15049.0,273,3,121.17000000000002
15050.0,24,78,1682.77
15051.0,22,142,1383.3600000000001
15052.0,318,28,207.73000000000002
15053.0,4,69,693.95
15054.0,11,114,302.1
15057.0,274,25,1489.5
15058.0,24,266,2102.54
15059.0,40,239,1325.82
15060.0,7,115,294.25
15061.0,3,410,54228.74
15062.0,70,57,987.86
15063.0,212,5,370.79999999999995
15065.0,37,158,3135.98
15066.0,31,53,760.59
15067.0,77,82,1744.76
15068.0,45,104,553.36
15069.0,178,70,1109.53
15070.0,372,1,106.2
15071.0,93,26,982.07
15073.0,9,76,612.43
15074.0,104,41,735.67
15075.0,77,27,773.03
15076.0,172,49,880.85
15078.0,6,451,9623.35
15079.0,212,48,893.66
15081.0,21,35,487.35
15083.0,256,5,88.2
15087.0,281,15,306.94
15088.0,20,60,1140.27
15089.0,9,145,2420.84
15090.0,307,23,381.32
15091.0,53,31,476.96
15092.0,214,26,457.81
15093.0,17,112,4410.14
15095.0,103,49,1364.7
15096.0,42,11,219.39000000000001
15097.0,3,25,248.08
15098.0,181,5,649.5
15099.0,83,23,410.48
15100.0,329,6,635.1
15101.0,8,9,310.03
15103.0,30,35,703.36
15104.0,166,69,968.64
15105.0,17,101,2298.93
15106.0,17,102,1407.73
15107.0,310,20,247.66
15108.0,141,61,1291.75
15109.0,240,31,463.75
15110.0,23,39,973.2
15111.0,28,84,1567.48
15113.0,9,98,3339.5099999999998
15114.0,29,197,2760.56
15115.0,17,21,340.11
15116.0,17,45,1352.75
15117.0,14,80,1550.13
15118.0,133,1,244.8
15119.0,245,14,266.4
15120.0,129,22,343.82
15121.0,49,28,457.72
15122.0,84,87,1612.13
15123.0,6,106,2199.31
15124.0,22,15,184.19
15125.0,24,140,11117.05
15127.0,65,16,406.53
15128.0,59,111,1419.54
15129.0,49,84,3447.4
15130.0,169,22,330.11
15132.0,17,52,977.9300000000001
15133.0,127,29,982.42
15134.0,14,73,1387.99
15135.0,232,10,127.15
15136.0,2,69,1282.45
15139.0,239,13,178.96
15140.0,51,81,2350.0
15142.0,45,26,498.74
15143.0,225,14,259.45
15144.0,7,218,6530.04
15145.0,3,67,1194.73
15146.0,164,95,1313.66
15147.0,218,29,608.65
15148.0,10,20,301.29
15149.0,133,23,520.8000000000001
15150.0,16,342,5280.83
15152.0,9,278,4684.24
15153.0,30,22,329.25
15154.0,73,75,224.73
15156.0,0,55,961.49
15157.0,3,133,1869.5
15158.0,44,7,401.40000000000003
15159.0,1,720,18573.68
15160.0,356,4,158.16
15163.0,17,29,304.47
15164.0,68,101,824.58
15165.0,372,27,487.75
15167.0,320,39,158.8
15168.0,25,5,106.56
15171.0,324,7,1034.5
15172.0,8,110,1624.05
15174.0,322,11,135.75
15175.0,71,23,224.14
15178.0,259,3,40.5
15179.0,17,95,2186.2
15180.0,366,6,87.5
15181.0,65,18,680.28
15182.0,153,29,622.85
15184.0,28,62,402.2
15185.0,69,21,310.62
15186.0,13,19,411.41
15187.0,1,93,4670.08
15189.0,0,232,15802.14
15192.0,119,51,1044.32
15193.0,60,19,499.32
15194.0,2,326,7521.17
15195.0,2,1,3861.0
15197.0,8,36,656.44
15198.0,91,10,193.64
15199.0,58,13,1268.7
15201.0,78,97,927.84
15203.0,25,142,1827.8
15204.0,356,9,316.58
15205.0,84,38,648.8299999999999
15206.0,9,9,420.29999999999995
15208.0,0,43,867.62
15210.0,224,20,331.18
15211.0,59,52,894.4100000000001
15212.0,238,7,88.94999999999999
15213.0,318,25,325.05
15214.0,1,110,1661.44
15215.0,44,43,615.99
15216.0,87,2,96.6
15218.0,10,166,5756.89
15219.0,175,9,305.75
15220.0,51,119,1758.92
15221.0,365,11,114.1
15222.0,318,5,585.0
15223.0,225,32,454.90000000000003
15224.0,357,16,310.48
15225.0,233,23,409.40000000000003
15226.0,310,8,154.41
15227.0,36,58,1219.4
15228.0,65,126,3376.96
15230.0,238,23,429.6
15232.0,112,31,612.06
15234.0,276,14,197.0
15235.0,217,143,2247.51
15236.0,298,15,321.05
15237.0,1,99,1412.32
15238.0,28,52,1056.54
15239.0,9,52,764.34
15240.0,44,83,1685.57
15241.0,66,111,1738.59
15243.0,73,22,316.68
15244.0,64,34,631.57
15245.0,133,89,2515.84
15246.0,237,33,514.15
15247.0,121,6,356.0
15249.0,31,358,6657.36
15251.0,8,121,10327.11
15252.0,35,44,740.78
15253.0,15,55,915.3
15254.0,126,18,300.36
15255.0,66,47,890.85
15256.0,148,6,98.45
15257.0,280,8,232.14999999999998
15258.0,168,34,623.16
15260.0,99,78,1780.77
15261.0,134,19,254.82
15262.0,323,10,178.95000000000002
15263.0,106,12,156.51
15264.0,63,23,393.74
15265.0,150,82,1506.1200000000001
15266.0,337,6,119.3
15267.0,21,11,1717.36
15269.0,23,2,408.8
15270.0,15,48,2298.2
15271.0,6,265,2472.09
15272.0,56,63,721.94
15274.0,3,47,716.57
15275.0,30,42,609.19
15276.0,65,49,128.63
15277.0,46,12,255.89999999999998
15279.0,354,21,277.40999999999997
15280.0,171,16,113.12
15281.0,58,150,2239.9500000000003
15286.0,49,3,240.55
15287.0,21,21,485.24
15288.0,42,88,2306.52
15289.0,28,59,935.1
15290.0,4,212,7803.7699999999995
15291.0,25,109,4596.51
15292.0,200,24,178.39
15296.0,43,200,3610.31
15297.0,9,41,635.04
15298.0,1,194,3774.1
15299.0,66,12,3787.09
15300.0,63,28,496.44
15301.0,50,246,5007.72
15303.0,289,31,574.02
15304.0,60,26,680.3
15306.0,63,58,1174.35
15307.0,95,12,205.3
15308.0,270,21,302.27
15311.0,0,2478,59284.19
15312.0,74,48,921.1
15313.0,109,1,52.0
15314.0,198,24,327.97
15315.0,63,38,551.54
15316.0,326,1,165.0
15318.0,3,33,312.62
15319.0,283,16,204.5
15320.0,43,36,267.13
15321.0,48,105,2663.48
15322.0,63,49,602.97
15325.0,103,48,161.74
15326.0,333,29,311.71
15327.0,52,10,208.75
15329.0,34,62,1005.5
15330.0,31,13,714.96
15332.0,365,35,1661.06
15333.0,207,16,1028.56
15334.0,156,98,350.82
15335.0,53,35,170.22
15339.0,65,88,557.57
15341.0,80,17,2020.52
15342.0,115,26,391.76
15343.0,86,21,364.5
15344.0,0,32,476.58
15345.0,34,23,367.69
15346.0,332,17,252.42000000000002
15347.0,365,5,201.60000000000002
15348.0,71,9,158.04
15349.0,157,71,463.90999999999997
15350.0,372,5,115.65
15351.0,11,227,1836.69
15353.0,254,61,770.12
15355.0,28,14,277.05
15356.0,30,499,2718.03
15358.0,4,560,8235.65
15360.0,39,13,427.93
15361.0,361,7,418.92
15363.0,240,17,318.05
15364.0,95,29,913.19
15365.0,25,151,1330.45
15366.0,74,44,602.51
15367.0,56,96,1867.69
15368.0,20,4,446.94000000000005
15369.0,143,1,-1592.49
15370.0,40,95,2360.55
15372.0,136,27,2007.3999999999999
15373.0,7,137,2213.11
15374.0,128,3,168.0
15376.0,39,116,1221.56
15379.0,168,196,3631.8900000000003
15380.0,8,37,1682.3600000000001
15381.0,213,8,596.85
15382.0,14,306,5927.86
15384.0,169,43,635.76
15385.0,39,12,316.88
15386.0,185,31,394.14
15388.0,269,10,140.54
15389.0,171,1,500.0
15392.0,4,85,1515.73
15393.0,15,12,231.86
15394.0,9,85,2183.54
15395.0,325,7,107.45
15396.0,112,14,288.18
15397.0,289,6,94.0
15398.0,15,74,1339.63
15399.0,0,50,815.77
15400.0,91,13,666.7
15402.0,148,42,626.77
15405.0,188,8,349.1
15406.0,17,58,426.61
15407.0,33,148,1046.74
15408.0,263,34,267.18
15410.0,83,122,3450.84
15411.0,25,99,1336.43
15412.0,170,10,190.53
15414.0,9,39,774.9000000000001
15415.0,312,47,559.61
15416.0,64,193,3974.37
15417.0,84,28,508.8
15419.0,24,8,135.86
15421.0,58,53,950.36
15422.0,322,6,97.7
15423.0,37,2,43.5
15424.0,253,17,383.34
15426.0,18,283,1386.58
15427.0,32,292,1430.54
15428.0,14,6,93.78
15429.0,26,83,364.90000000000003
15432.0,22,10,171.19
15433.0,78,53,417.87
15434.0,7,59,997.48
15435.0,21,29,149.29
15436.0,11,291,1067.75
15437.0,261,45,200.16
15438.0,130,25,156.57999999999998
15440.0,54,62,383.68
15442.0,248,2,594.0
15443.0,1,375,3188.84
15444.0,8,214,1411.21
15445.0,263,5,113.5
15447.0,330,9,155.17
15448.0,312,28,494.64
15449.0,25,62,971.22
15450.0,29,30,429.84
15452.0,29,56,528.48
15453.0,1,279,1371.77
15454.0,361,25,179.1
15456.0,282,58,434.59000000000003
15457.0,261,58,237.07
15458.0,24,7,161.64
15460.0,353,56,214.26
15462.0,93,11,234.6
15463.0,28,7,126.14
15464.0,337,155,1044.65
15465.0,19,104,6945.0199999999995
15466.0,84,57,334.53
15467.0,8,53,511.88
15468.0,34,29,438.46
15469.0,42,27,504.5
15471.0,1,73,454.48
15472.0,112,76,371.56
15473.0,13,14,1465.2
15475.0,76,29,454.10999999999996
15478.0,39,44,1399.92
15480.0,115,45,905.5
15482.0,15,126,6393.52
15483.0,160,84,225.26
15484.0,0,188,3559.21
15485.0,29,85,2564.5
15488.0,92,2,91.32000000000001
15489.0,22,55,1090.03
15491.0,94,155,3090.85
15492.0,27,35,659.4599999999999
15493.0,32,291,1918.86
15494.0,20,122,1280.58
15497.0,17,16,1259.7
15498.0,0,523,12396.46
15500.0,7,68,1131.56
15502.0,15,252,5541.46
15503.0,362,66,141.04
15504.0,80,13,52.83
15505.0,52,99,3497.14
15506.0,22,161,972.08
15507.0,171,45,475.86
15508.0,188,92,1000.27
15510.0,330,1,250.0
15511.0,11,158,900.53
15512.0,155,7,121.0
15513.0,30,314,14520.08
15514.0,11,197,2907.45
15516.0,44,15,62.43
15517.0,232,27,267.03
15518.0,63,216,1890.99
15520.0,1,18,343.5
15521.0,35,200,2574.65
15522.0,32,56,397.99
15523.0,83,10,412.01000000000005
15524.0,24,1,440.0
15525.0,1,158,719.47
15526.0,32,4,148.44
15527.0,18,165,2347.57
15528.0,253,26,229.33
15529.0,22,664,3935.15
15530.0,21,107,1497.31
15531.0,7,219,1972.39
15532.0,24,258,1500.88
15533.0,18,86,746.92
15535.0,172,75,426.4
15537.0,162,24,110.92
15539.0,6,41,538.46
15540.0,10,15,213.3
15541.0,113,29,85.13000000000001
15543.0,287,28,127.86
15544.0,8,261,3542.51
15545.0,53,80,288.96999999999997
15547.0,6,695,4910.6
15549.0,76,115,1643.96
15550.0,3,61,575.63
15551.0,36,29,436.06
15552.0,216,17,90.12
15553.0,59,55,428.93
15554.0,277,14,217.2
15555.0,11,913,4747.89
15556.0,23,31,279.77
15557.0,28,19,468.91
15561.0,11,31,722.74
15562.0,351,1,134.55
15563.0,8,117,1319.69
15565.0,49,8,173.16
15567.0,18,7,186.01
15568.0,2,53,758.29
15569.0,103,31,1375.71
15570.0,6,326,4093.27
15571.0,11,57,650.4300000000001
15572.0,4,212,2533.42
15573.0,31,97,591.1899999999999
15574.0,177,152,675.64
15576.0,37,43,921.37
15577.0,150,39,258.88
15578.0,161,13,127.1
15579.0,68,48,327.6
15581.0,120,148,3425.77
15582.0,24,44,682.9100000000001
15584.0,23,124,718.36
15585.0,176,31,455.3
15587.0,49,9,913.6800000000001
15589.0,252,30,456.58
15590.0,288,1,-30.19
15592.0,46,24,388.58
15593.0,70,5,199.8
15594.0,15,104,1767.53
15596.0,100,84,1343.34
15597.0,29,23,315.71999999999997
15598.0,34,16,235.68
15599.0,26,52,761.74
15601.0,10,414,6745.36
15602.0,7,54,1083.63
15603.0,78,2,48.480000000000004
15604.0,51,17,216.39
15605.0,35,67,1198.23
15606.0,56,91,2422.64
15607.0,336,13,104.76
15608.0,27,60,1093.68
15609.0,182,18,270.03000000000003
15610.0,51,6,112.46000000000001
15611.0,9,45,1568.39
15612.0,35,6,195.15
15615.0,9,429,10360.04
15618.0,32,49,747.031
15619.0,10,3,336.40000000000003
15620.0,49,104,1524.4
15621.0,3,18,1158.77
15622.0,2,214,3224.53
15623.0,140,19,301.03
15624.0,116,34,588.13
15625.0,99,68,1504.56
15626.0,74,49,675.8
15628.0,4,157,2865.64
15630.0,44,61,1180.4
15632.0,15,177,3147.31
15634.0,16,15,243.55
15636.0,89,25,724.76
15637.0,52,15,223.36
15638.0,300,2,-94.0
15639.0,133,25,425.32
15640.0,3,486,12336.74
15641.0,104,119,1887.2
15643.0,178,36,647.4
15644.0,165,232,803.54
15645.0,18,52,612.01
15646.0,157,36,425.14000000000004
15648.0,203,27,582.0500000000001
15649.0,335,2,816.0
15651.0,36,32,646.3
15652.0,90,21,337.74
15653.0,92,6,877.4399999999999
15654.0,8,21,922.53
15655.0,232,37,511.32
15656.0,44,47,748.5
15657.0,22,1,30.0
15658.0,189,56,958.9
15659.0,43,11,306.45
15660.0,24,94,1552.01
15661.0,316,5,309.8
15663.0,105,9,138.14
15664.0,50,19,358.63
15665.0,167,115,2222.21
15667.0,39,13,301.32
15668.0,217,1,76.32000000000001
15669.0,39,35,677.69
15670.0,296,12,173.05
15671.0,18,81,2635.4900000000002
15673.0,87,138,2726.23
15674.0,72,135,1744.02
15675.0,80,21,323.69
15676.0,8,216,3324.09
15677.0,48,33,657.23
15678.0,52,12,352.7
15679.0,23,110,781.28
15680.0,8,78,1333.68
15681.0,17,67,946.36
15683.0,116,10,193.75
15687.0,8,168,2981.5
15689.0,119,9,254.1
15690.0,3,19,239.76
15691.0,251,2,136.8
15692.0,27,12,191.04
15694.0,0,79,6423.6
15695.0,266,22,409.98
15696.0,32,174,2619.11
15699.0,17,18,309.65
15700.0,171,89,664.03
15701.0,1,230,1529.0
15703.0,264,5,211.5
15704.0,139,117,2293.62
15705.0,200,6,143.1
15706.0,59,59,1001.8100000000001
15707.0,34,205,916.98
15708.0,40,282,3200.73
15709.0,283,6,133.25
15712.0,8,53,1072.3600000000001
15713.0,142,20,346.75
15714.0,11,34,330.03000000000003
15716.0,145,117,1101.1100000000001
15717.0,233,7,150.3
15719.0,32,932,5028.42
15720.0,23,128,598.73
15721.0,11,84,471.40000000000003
15722.0,35,70,2169.86
15723.0,364,38,190.7
15724.0,200,12,212.3
15725.0,14,32,415.25
15727.0,16,301,5159.06
15728.0,48,4,-134.8
15729.0,197,6,62.0
15730.0,65,73,1108.38
15732.0,211,14,294.12
15733.0,282,10,162.3
15734.0,114,26,1339.45
15737.0,14,79,1121.21
15738.0,18,176,4788.77
15739.0,65,8,449.12
15740.0,48,9,154.88
15743.0,15,86,775.96
15744.0,77,3,34.8
15745.0,8,65,1071.24
15746.0,133,29,182.96
15747.0,12,90,946.64
15748.0,39,20,144.36
15749.0,234,15,21535.9
15750.0,2,293,2448.8
15752.0,39,406,2618.15
15753.0,304,1,79.2
15754.0,50,29,455.67
15755.0,0,149,2318.88
15756.0,60,191,528.01
15757.0,65,45,714.42
15758.0,24,9,205.25
15759.0,217,7,253.04
15762.0,64,37,583.75
15763.0,31,63,1048.67
15764.0,80,188,3245.47
15766.0,63,11,315.06
15768.0,115,28,581.8299999999999
15769.0,6,147,51823.72
15773.0,5,10,635.6800000000001
15774.0,68,25,270.8
15775.0,244,7,104.9
15776.0,132,18,241.62
15777.0,240,22,1021.61
15780.0,183,29,475.28000000000003
15781.0,24,21,333.56
15782.0,9,44,2593.94
15783.0,10,14,246.3
15785.0,29,87,2303.75
15786.0,43,279,4821.0
15787.0,25,200,933.26
15789.0,357,25,351.3
15790.0,9,34,218.75
15791.0,43,76,1604.44
15793.0,8,13,948.96
15795.0,149,42,610.01
15796.0,0,134,2663.6600000000003
15797.0,112,8,2207.4
15799.0,75,98,884.14
15800.0,106,117,696.89
15801.0,45,69,1042.19
15802.0,142,3,-451.42
15803.0,50,8,415.82000000000005
15804.0,0,274,3848.55
15805.0,22,305,5411.87
15806.0,45,31,784.58
15807.0,49,48,903.9
15808.0,305,197,3641.07
15809.0,35,43,399.21
15810.0,78,112,1145.43
15811.0,16,139,2171.32
15812.0,106,41,1801.14
15813.0,207,40,1303.9099999999999
15814.0,2,74,1842.73
15815.0,63,49,2100.6
15819.0,48,123,1905.45
15820.0,319,17,206.98
15821.0,43,62,570.96
15822.0,2,33,885.47
15823.0,336,17,-840.76
15825.0,171,20,532.94
15826.0,50,69,1649.3600000000001
15827.0,72,134,1641.48
15829.0,98,51,636.14
15830.0,28,41,547.7
15831.0,57,67,740.64
15832.0,253,54,836.79
15834.0,69,272,2076.3
15835.0,43,50,954.09
15836.0,44,12,117.47
15837.0,64,24,391.98
15838.0,10,169,33350.76
15839.0,24,65,1020.74
15840.0,58,28,345.66
15841.0,63,50,1209.1
15843.0,303,8,118.95000000000002
15844.0,45,11,130.73999999999998
15845.0,17,140,3650.87
15847.0,37,22,389.27
15850.0,18,93,234.88
15852.0,186,22,160.71
15853.0,51,30,110.8
15854.0,3,138,2969.12
15855.0,136,80,712.24
15856.0,3,636,15929.74
15857.0,18,14,297.0
15858.0,15,188,1427.57
15860.0,40,139,965.16
15861.0,11,541,2981.92
15862.0,7,147,832.88
15863.0,25,18,68.84
15864.0,21,24,1769.7800000000002
15865.0,40,40,895.13
15866.0,100,43,211.89
15867.0,4,461,3795.29
15869.0,276,15,149.64
15870.0,32,74,351.44
15872.0,14,108,316.25
15874.0,62,137,4330.67
15877.0,1,128,437.83
15880.0,368,97,299.03
15881.0,311,32,438.24
15882.0,198,24,495.36
15883.0,1,49,396.48
15885.0,92,18,379.35
15886.0,59,12,181.09
15888.0,79,14,141.27
15889.0,156,85,420.07
15891.0,226,60,511.68
15894.0,252,37,258.25
15895.0,149,11,179.17
15897.0,193,22,208.59
15898.0,0,85,1379.63
15899.0,368,4,56.25
15900.0,23,47,337.28
15901.0,16,111,351.73
15903.0,9,75,5126.34
15904.0,7,30,164.68
15906.0,19,151,1521.79
15907.0,3,226,882.72
15909.0,173,7,191.94
15910.0,0,266,1228.88
15912.0,177,19,264.62
15916.0,15,156,1466.01
15917.0,247,12,123.1
15918.0,190,40,334.23
15919.0,19,122,525.69
15920.0,153,60,167.5
15921.0,172,24,323.03000000000003
15922.0,371,12,363.6
15923.0,372,21,127.08
15925.0,193,12,207.15
15930.0,66,21,426.63
15932.0,3,119,2461.85
15933.0,20,74,1107.46
15935.0,238,12,416.86
15937.0,63,7,145.35
15938.0,111,18,404.58
15939.0,89,77,6102.26
15940.0,310,2,31.799999999999997
15942.0,133,14,337.44
15944.0,276,6,325.1
15945.0,364,2,181.0
15947.0,82,29,1708.24
15948.0,7,60,955.24
15949.0,16,19,364.72
15950.0,1,102,1684.46
15951.0,0,43,669.57
15952.0,33,84,781.91
15953.0,14,102,1632.4299999999998
15955.0,23,185,4389.81
15957.0,31,42,428.89
15958.0,73,7,104.35
15963.0,19,28,470.76
15965.0,16,111,808.87
15967.0,22,80,397.68
15969.0,2,21,582.9
15970.0,303,11,314.1
15971.0,17,35,4199.85
15973.0,235,6,99.77000000000002
15974.0,38,177,3429.55
15975.0,83,24,371.01
15976.0,164,96,427.64
15977.0,16,65,1054.73
15978.0,76,49,1098.78
15980.0,88,43,2398.86
15981.0,24,97,3408.48
15983.0,21,112,1465.12
15984.0,2,263,2759.93
15985.0,122,38,1037.42
15986.0,29,14,168.12
15987.0,11,128,1432.77
15988.0,18,26,156.78
15990.0,43,52,792.11
15992.0,3,3,41.989999999999995
15993.0,8,551,2736.92
15994.0,54,32,414.27
15996.0,87,128,1016.6800000000001
15998.0,36,507,3074.42
16000.0,2,9,12393.7
16003.0,29,103,2735.37
16005.0,11,201,578.71
16006.0,210,8,101.4
16007.0,47,381,1693.81
16008.0,23,33,478.78
16009.0,21,82,972.11
16010.0,245,79,392.4
16011.0,7,210,3352.96
16012.0,34,94,1415.29
16013.0,3,151,33366.25
16014.0,35,141,637.58
16015.0,3,183,689.6999999999999
16016.0,2,226,1440.06
16017.0,46,32,211.88
16018.0,38,28,408.90000000000003
16019.0,1,165,3450.2400000000002
16020.0,16,46,851.01
16022.0,259,71,602.63
16023.0,45,101,719.81
16024.0,11,63,251.03
16025.0,29,28,439.65999999999997
16026.0,42,32,236.09
16027.0,91,17,852.12
16029.0,38,270,53168.69
16030.0,309,29,331.24
16031.0,91,98,547.9
16033.0,5,1143,8690.03
16034.0,195,22,437.7
16036.0,86,55,758.92
16037.0,269,39,855.02
16038.0,7,28,454.33000000000004
16040.0,64,65,1313.55
16041.0,30,6,3166.4
16042.0,21,74,1127.57
16043.0,37,39,773.99
16045.0,119,83,1340.7
16048.0,85,9,243.69000000000003
16049.0,39,299,1074.81
16050.0,173,10,137.9
16052.0,53,34,362.06
16053.0,32,84,1511.95
16054.0,144,70,783.9
16055.0,220,8,134.8
16056.0,44,66,650.75
16057.0,3,134,2140.2200000000003
16059.0,65,178,1453.16
16061.0,268,1,-29.95
16062.0,9,64,1153.62
16063.0,259,23,335.32
16065.0,364,73,367.14
16066.0,16,101,1521.04
16070.0,21,33,852.15
16071.0,44,21,326.24
16072.0,287,23,584.3199999999999
16073.0,291,2,94.35
16076.0,2,131,2173.53
16078.0,283,1,79.2
16079.0,16,21,1352.0
16080.0,81,11,176.6
16081.0,55,223,2799.42
16083.0,100,31,1317.62
16084.0,298,38,436.18
16085.0,22,167,981.51
16086.0,58,40,1119.31
16091.0,154,18,315.06
16092.0,98,53,779.36
16093.0,106,1,17.0
16094.0,11,67,1041.83
16096.0,263,12,320.62
16097.0,239,10,185.04999999999998
16098.0,87,67,2005.63
16099.0,49,39,731.9
16101.0,8,83,1245.96
16102.0,41,57,1842.14
16103.0,6,48,1429.64
16104.0,61,28,298.21
16105.0,248,13,336.96
16106.0,65,6,108.38
16107.0,17,31,3204.1600000000003
16108.0,84,49,816.1
16109.0,218,18,611.88
16110.0,44,342,1320.95
16112.0,142,16,195.73999999999998
16113.0,182,30,161.38
16114.0,170,8,135.75000000000003
16115.0,9,279,1660.8799999999999
16116.0,205,35,592.88
16117.0,189,30,232.21
16119.0,7,16,423.36
16120.0,58,32,1294.14
16121.0,56,204,854.66
16122.0,72,38,684.4200000000001
16123.0,51,16,307.78
16124.0,315,16,187.15
16125.0,366,13,289.35
16126.0,28,117,6287.77
16127.0,38,40,656.25
16128.0,17,89,1880.22
16131.0,51,78,3506.54
16133.0,3,365,14305.66
16134.0,21,38,603.69
16135.0,262,21,517.55
16136.0,59,37,709.38
16138.0,367,1,-7.95
16139.0,18,31,635.41
16140.0,52,37,703.77
16141.0,87,30,620.4
16142.0,249,37,535.34
16143.0,2,118,2419.84
16144.0,246,1,175.2
16145.0,8,237,3741.98
16146.0,156,29,734.13
16147.0,133,22,375.0
16148.0,295,1,76.32000000000001
16149.0,4,18,280.52
16150.0,38,136,1906.07
16152.0,268,29,1829.04
16153.0,49,89,1824.23
16156.0,8,137,2994.62
16157.0,15,19,644.24
16159.0,281,14,348.2
16160.0,63,22,1009.4499999999999
16161.0,1,499,5311.08
16162.0,251,2,37.4
16163.0,224,7,441.59999999999997
16164.0,16,35,802.53
16168.0,10,99,3770.6
16169.0,7,85,1822.97
16170.0,50,127,1880.4199999999998
16171.0,58,3,73.2
16172.0,94,69,1140.21
16173.0,15,87,1406.57
16174.0,125,23,1009.5500000000001
16175.0,93,58,1037.59
16177.0,49,15,331.95
16178.0,137,8,197.9
16179.0,60,11,215.83
16180.0,99,176,10217.48
16181.0,72,11,305.54
16182.0,71,28,6617.65
16183.0,66,15,338.71000000000004
16184.0,63,46,1155.54
16185.0,16,31,529.41
16186.0,22,219,3991.94
16187.0,31,297,6841.24
16188.0,44,67,981.86
16189.0,15,11,215.48
16190.0,39,6,215.08
16191.0,2,151,4913.32
16193.0,236,19,314.45
16198.0,74,15,400.68100000000004
16200.0,3,172,1068.8700000000001
16201.0,2,115,1821.52
16202.0,360,18,365.27
16203.0,58,36,589.15
16204.0,22,50,384.18
16205.0,30,97,757.63
16206.0,54,63,537.0600000000001
16207.0,24,19,394.38
16208.0,44,66,664.26
16209.0,88,46,2262.62
16210.0,1,123,21086.3
16211.0,80,24,542.77
16212.0,18,43,681.19
16213.0,78,6,159.0
16214.0,170,44,1062.75
16215.0,80,14,242.35
16216.0,266,37,914.9300000000001
16217.0,234,19,259.39000000000004
16218.0,29,90,3054.87
16221.0,36,95,860.86
16222.0,317,122,773.5500000000001
16224.0,56,96,1295.3
16225.0,44,134,1096.32
16226.0,202,8,255.12
16227.0,218,7,308.32000000000005
16229.0,86,47,1010.6
16230.0,189,35,542.03
16232.0,32,38,983.23
16233.0,70,25,422.13
16235.0,40,48,858.41
16236.0,77,20,432.2
16239.0,56,21,372.9
16240.0,7,142,3693.81
16241.0,9,655,2590.31
16242.0,7,293,3574.91
16243.0,33,51,409.1
16244.0,211,91,1522.75
16245.0,23,93,1352.3600000000001
16247.0,169,16,114.56
16248.0,61,7,152.94
16249.0,52,69,1800.07
16250.0,260,24,389.44
16252.0,365,21,-295.09
16253.0,31,124,3665.62
16255.0,16,274,2609.3
16256.0,257,14,732.63
16257.0,176,2,46.95
16258.0,44,135,5203.51
16260.0,50,18,1035.45
16261.0,16,119,728.54
16262.0,360,3,-31.65
16265.0,8,260,5423.15
16266.0,73,61,861.89
16268.0,70,45,667.65
16270.0,352,54,1141.24
16271.0,2,131,1398.69
16272.0,116,25,411.7
16274.0,372,65,351.75
16275.0,196,33,559.87
16276.0,176,6,810.6000000000001
16278.0,22,25,537.83
16279.0,20,108,1489.88
16281.0,71,17,2062.06
16282.0,339,11,168.3
16283.0,5,168,1531.51
16284.0,30,103,812.68
16287.0,169,8,142.5
16292.0,116,19,280.9
16293.0,8,120,2236.7400000000002
16295.0,9,79,1328.55
16297.0,212,23,275.4
16298.0,22,27,598.2
16302.0,107,12,212.82
16303.0,25,167,5305.83
16305.0,138,22,361.21999999999997
16306.0,213,44,602.27
16308.0,37,4,2560.0
16309.0,91,44,686.67
16311.0,17,37,616.26
16313.0,2,16,274.15000000000003
16315.0,330,14,226.37
16316.0,63,156,2755.56
16317.0,119,69,1341.65
16318.0,34,19,328.15
16319.0,217,3,404.40000000000003
16320.0,171,56,1038.46
16321.0,71,16,230.70000000000002
16322.0,0,37,326.75
16323.0,195,1,207.50000000000003
16324.0,127,111,408.59000000000003
16325.0,43,20,510.54
16326.0,5,301,3014.2200000000003
16327.0,13,317,3820.27
16330.0,17,41,242.21
16332.0,27,152,1572.8
16333.0,7,45,26626.8
16337.0,36,10,151.05
16338.0,156,11,214.79999999999998
16339.0,283,18,94.05
16340.0,106,141,534.31
16341.0,24,84,1959.38
16342.0,74,15,322.41
16343.0,15,43,328.58
16344.0,157,2,101.10000000000001
16345.0,43,37,565.46
16347.0,10,85,847.45
16348.0,31,222,1415.65
16349.0,290,9,53.5
16350.0,20,60,1100.47
16351.0,332,8,153.9
16352.0,17,28,494.44
16353.0,3,94,6675.71
16354.0,62,39,395.8
16356.0,197,32,210.32000000000002
16357.0,32,34,658.88
16358.0,0,110,2024.95
16359.0,6,70,1460.3700000000001
16360.0,4,645,3349.57
16361.0,9,104,891.21
16362.0,31,86,627.29
16363.0,52,5,109.36000000000001
16364.0,11,52,705.79
16365.0,17,51,1540.42
16366.0,18,18,327.3
16367.0,36,127,800.67
16368.0,1,69,479.91
16369.0,17,117,1545.41
16370.0,81,221,1301.91
16372.0,32,92,355.73
16374.0,65,109,466.73
16376.0,8,125,965.47
16377.0,266,5,676.2
16378.0,246,23,362.95
16379.0,3,109,2131.9
16380.0,60,31,1743.1499999999999
16383.0,74,98,643.76
16384.0,89,33,584.5
16385.0,59,57,554.86
16386.0,28,81,302.57
16387.0,322,4,94.36
16389.0,52,35,1362.27
16392.0,269,43,217.89
16393.0,1,355,2935.8
16394.0,49,100,1412.06
16395.0,60,206,1482.06
16398.0,144,86,1631.15
16399.0,18,72,408.02
16400.0,94,29,303.93
16401.0,0,198,4061.24
16402.0,264,57,293.45
16403.0,301,15,161.04999999999998
16404.0,69,23,443.05
16405.0,301,5,167.25
16406.0,18,59,154.35
16407.0,12,168,2079.68
16409.0,35,231,2022.98
16411.0,18,44,211.7
16412.0,53,30,135.99
16413.0,56,31,262.2
16414.0,21,7,126.25
16415.0,43,47,200.27
16416.0,26,73,1026.99
16418.0,44,95,631.12
16419.0,112,51,945.96
16422.0,16,399,33805.69
16423.0,24,18,346.12
16424.0,190,6,82.56
16425.0,301,21,302.7
16426.0,1,353,1863.76
16427.0,262,9,241.06
16428.0,80,1,-2.95
16429.0,105,2,284.55
16430.0,56,6,300.85
16431.0,212,76,623.28
16432.0,63,8,287.4
16433.0,27,17,184.26
16434.0,28,107,1511.8
16438.0,5,132,798.35
16440.0,7,282,3640.67
16441.0,66,24,381.2
16442.0,1,171,609.3
16444.0,45,86,638.77
16445.0,33,63,230.51
16446.0,0,4,2.8999999999941792
16447.0,135,34,255.91
16448.0,197,19,182.99
16449.0,190,43,674.69
16450.0,149,11,311.92
16451.0,87,14,266.97
16454.0,44,3,-8.15
16455.0,63,99,1841.18
16456.0,98,110,2158.18
16457.0,217,9,208.36
16458.0,2,202,3482.7400000000002
16460.0,27,132,811.23
16461.0,177,32,142.92
16462.0,63,4,102.0
16463.0,20,85,1383.7
16464.0,19,230,1298.66
16466.0,33,146,1595.96
16468.0,73,2,74.9
16469.0,23,171,625.42
16470.0,51,165,747.82
16471.0,274,13,223.95000000000002
16473.0,164,19,314.86
16474.0,6,345,1750.6200000000001
16475.0,87,28,544.3
16477.0,63,146,2494.46
16478.0,24,17,331.0
16479.0,9,35,300.83
16480.0,75,53,769.29
16482.0,15,18,220.62
16483.0,191,19,139.35
16484.0,173,26,379.4
16485.0,76,42,363.65
16488.0,32,31,492.2
16491.0,46,39,731.5
16493.0,72,62,1329.66
16494.0,296,50,826.53
16495.0,2,88,648.26
16496.0,8,97,1562.22
16497.0,49,136,2965.69
16498.0,160,16,86.12
16499.0,359,22,319.1
16500.0,4,11,400.86
16503.0,106,86,1421.43
16504.0,24,83,465.88
16505.0,31,4,777.6
16506.0,19,3,90.30000000000001
16509.0,296,13,363.7
16510.0,371,13,248.1
16511.0,21,159,918.33
16513.0,4,35,874.59
16515.0,51,111,1624.14
16516.0,29,6,101.69999999999999
16517.0,276,17,162.7
16518.0,60,42,480.92
16519.0,24,13,215.07999999999998
16520.0,185,157,1036.6200000000001
16523.0,1,298,9295.67
16525.0,1,200,11895.57
16526.0,171,15,290.36
16527.0,80,14,228.06
16528.0,3,17,244.41
16529.0,189,30,455.25
16531.0,21,77,1244.59
16532.0,17,4,6748.8
16533.0,18,180,1014.19
16535.0,4,31,593.75
16536.0,106,55,538.17
16539.0,2,45,1388.81
16542.0,53,5,119.62
16545.0,164,3,339.3
16546.0,290,31,-95.93
16549.0,9,925,4034.9
16550.0,108,261,2266.25
16551.0,95,32,922.12
16552.0,242,17,379.73
16553.0,162,86,5664.57
16554.0,2,74,641.55
16555.0,34,17,285.89
16556.0,66,207,3313.79
16557.0,23,11,281.85
16558.0,0,474,8257.04
16560.0,20,58,816.51
16561.0,5,31,511.12
16563.0,53,19,1077.74
16565.0,363,3,173.7
16566.0,14,19,614.01
16567.0,193,35,865.6
16569.0,2,5,124.2
16570.0,8,133,3622.95
16571.0,2,106,1285.22
16572.0,126,58,999.7
16573.0,73,46,648.41
16574.0,70,28,451.44
16579.0,364,1,-30.599999999999998
16581.0,154,11,70.44
16582.0,112,6,313.62
16583.0,373,14,233.45
16584.0,79,31,908.03
16586.0,248,8,463.95
16587.0,231,13,225.15
16589.0,70,33,459.24
16591.0,68,10,213.5
16592.0,3,222,4073.28
16593.0,50,27,330.03
16594.0,74,53,181.09
16595.0,60,85,360.16
16596.0,15,12,250.15
16597.0,3,7,90.04
16598.0,276,11,140.7
16600.0,3,62,813.52
16601.0,40,30,242.7
16602.0,30,32,494.72999999999996
16603.0,74,34,482.47
16607.0,17,174,3038.67
16609.0,14,280,5450.96
16610.0,218,6,75.66
16611.0,185,11,120.99000000000001
16612.0,32,66,1187.66
16613.0,69,30,618.59
16614.0,182,26,506.19
16616.0,14,33,500.42
16617.0,235,5,151.85
16618.0,30,97,2630.64
16619.0,253,16,204.41
16620.0,3,9,178.96
16621.0,51,29,813.48
16623.0,245,5,129.45
16624.0,80,48,810.5699999999999
16625.0,274,23,333.08
16626.0,0,184,4379.65
16627.0,78,20,322.8
16628.0,29,119,2183.04
16629.0,73,60,408.63
16633.0,16,153,2878.15
16634.0,222,9,217.9
16637.0,31,72,1124.59
16638.0,22,95,1676.47
16639.0,24,52,1169.38
16641.0,105,12,231.10000000000002
16642.0,4,35,679.83
16643.0,245,27,487.51
16644.0,177,62,833.78
16647.0,169,14,214.06
16648.0,38,21,270.85999999999996
16650.0,71,24,518.42
16652.0,53,123,6654.26
16653.0,15,76,1166.92
16654.0,140,31,594.97
16655.0,17,258,3789.52
16656.0,21,80,8568.24
16657.0,9,192,874.43
16658.0,367,8,123.24
16659.0,188,2,39.12
16660.0,15,17,810.4499999999999
16665.0,361,9,135.39999999999998
16666.0,18,32,118.98
16667.0,67,52,567.1800000000001
16668.0,14,20,306.71999999999997
16669.0,23,157,1344.88
16670.0,16,262,4022.46
16671.0,27,6,1692.27
16672.0,1,117,8093.59
16674.0,54,93,304.24
16676.0,33,92,1558.72
16678.0,2,170,3013.83
16679.0,365,3,129.75
16680.0,42,10,183.7
16681.0,72,44,1770.34
16682.0,4,30,1028.0
16684.0,3,281,65892.08
16685.0,60,62,324.24
16686.0,46,547,2940.53
16688.0,0,62,1260.86
16689.0,75,16,303.26
16690.0,43,13,208.63
16692.0,255,3,1276.0
16693.0,68,59,477.86
16696.0,134,10,657.9000000000001
16697.0,240,21,112.75
16698.0,226,5,1998.0
16700.0,8,312,5040.0
16701.0,8,154,5150.2699999999995
16705.0,0,284,13946.130000000001
16706.0,36,123,531.35
16708.0,45,27,656.63
16709.0,84,79,3029.87
16710.0,18,394,2467.99
16711.0,2,22,1651.03
16712.0,8,438,3611.31
16713.0,18,627,6827.88
16714.0,218,88,879.0600000000001
16715.0,77,19,301.71999999999997
16716.0,266,3,319.8000000000001
16717.0,8,235,3263.06
16718.0,368,44,606.0500000000001
16719.0,14,198,1753.72
16720.0,25,25,152.95
16721.0,261,37,292.47
16722.0,16,228,4711.21
16723.0,90,42,576.4
16725.0,301,146,752.32
16726.0,25,178,1358.74
16727.0,363,44,256.32
16728.0,45,263,1048.28
16729.0,35,664,7041.69
16730.0,51,84,702.79
16732.0,31,28,603.75
16734.0,51,52,646.76
16735.0,78,119,2216.06
16737.0,52,1,417.59999999999997
16738.0,297,1,3.75
16739.0,171,16,312.55
16742.0,46,4,0.0
16743.0,28,192,2166.88
16744.0,10,236,1291.91
16745.0,86,356,7157.1
16746.0,4,447,6676.76
16747.0,24,45,826.96
16748.0,17,69,1515.9
16750.0,44,95,623.93
16751.0,30,25,1764.72
16752.0,372,9,207.5
16753.0,57,34,223.92000000000002
16754.0,371,2,2002.4
16755.0,113,171,1463.23
16756.0,214,13,239.4
16757.0,318,7,106.83000000000001
16758.0,64,22,369.34000000000003
16759.0,7,43,772.84
16761.0,96,13,316.62
16762.0,19,63,1207.24
16763.0,184,24,594.9
16764.0,3,712,2749.9500000000003
16765.0,293,1,34.0
16766.0,272,34,1145.6
16767.0,30,221,5575.56
16768.0,47,58,458.04
16769.0,259,38,361.54
16770.0,57,141,731.9
16771.0,32,254,2242.61
16773.0,56,26,171.59
16774.0,67,49,654.92
16775.0,9,157,1691.51
16776.0,59,71,371.54
16777.0,79,48,222.62
16778.0,73,16,245.94
16779.0,1,342,10436.05
16780.0,99,59,422.24
16781.0,364,19,294.65
16782.0,9,190,2230.3
16784.0,19,3,107.6
16788.0,122,148,594.39
16789.0,7,5,80.8
16790.0,3,95,1520.1200000000001
16791.0,28,316,1690.28
16792.0,281,12,110.38000000000001
16793.0,56,16,243.84
16794.0,0,280,1175.3
16795.0,364,66,414.88
16796.0,88,18,305.62
16800.0,10,156,1162.65
16801.0,162,120,842.33
16803.0,64,24,332.3
16804.0,22,60,536.99
16805.0,173,98,460.59
16806.0,102,93,762.16
16807.0,142,67,1121.59
16808.0,98,23,288.42
16809.0,22,150,912.74
16810.0,191,16,275.64
16811.0,4,28,547.07
16812.0,360,15,479.35
16813.0,7,426,1652.18
16814.0,13,320,6408.2
16816.0,102,28,417.06
16817.0,2,95,1446.95
16818.0,10,191,3317.97
16820.0,95,26,497.61
16823.0,226,38,358.38
16824.0,15,26,460.64
16825.0,38,28,775.1800000000001
16826.0,50,22,341.7
16828.0,92,8,128.5
16829.0,156,11,197.22
16830.0,38,23,325.91
16832.0,183,12,199.15
16833.0,0,47,1106.53
16834.0,227,24,413.46
16835.0,127,10,180.85
16836.0,39,11,251.87
16837.0,30,166,3167.73
16838.0,196,26,582.9
16839.0,8,298,15357.78
16841.0,36,117,1774.62
16842.0,63,64,1260.44
16843.0,42,379,10183.82
16846.0,49,11,214.32
16847.0,42,12,193.44
16848.0,52,14,281.42
16849.0,186,8,124.57
16850.0,333,19,332.41
16851.0,3,20,342.45
16852.0,9,9,144.91000000000003
16855.0,23,19,328.4
16856.0,14,2,35.400000000000006
16858.0,365,13,345.89000000000004
16859.0,105,72,473.14
16861.0,59,8,151.65
16863.0,28,28,481.35
16866.0,140,11,207.73999999999998
16869.0,22,128,797.3199999999999
16871.0,21,139,2761.4900000000002
16872.0,76,7,680.02
16873.0,4,289,7066.31
16875.0,63,123,2023.47
16877.0,11,156,846.62
16878.0,24,6,0.0
16880.0,30,174,1491.43
16881.0,66,1,432.0
16882.0,66,39,705.12
16883.0,186,37,272.48
16884.0,37,26,429.84000000000003
16885.0,14,96,450.41
16887.0,34,36,192.32999999999998
16889.0,194,135,1578.67
16891.0,1,186,742.43
16892.0,0,99,489.49
16893.0,366,45,145.93
16895.0,64,62,202.27
16897.0,298,44,213.03
16898.0,25,158,436.68
16899.0,7,123,1271.06
16900.0,11,82,187.6900000000001
16902.0,115,44,1706.88
16903.0,28,56,363.2
16904.0,3,665,3653.75
16905.0,4,200,3020.65
16906.0,81,86,559.59
16907.0,28,140,928.76
16909.0,63,19,364.14
16910.0,3,545,1508.96
16912.0,22,104,2508.87
16913.0,289,8,113.44
16914.0,35,30,183.76
16915.0,8,57,621.6800000000001
16916.0,23,136,562.41
16917.0,276,9,391.52
16918.0,49,130,1043.34
16919.0,155,326,2592.25
16921.0,60,55,154.18
16923.0,11,650,6488.3
16924.0,20,87,722.64
16926.0,370,14,230.25
16927.0,115,6,543.05
16928.0,79,208,2748.6
16929.0,3,77,1295.39
16930.0,25,53,378.89
16931.0,4,886,4554.87
16932.0,52,48,150.23000000000002
16933.0,0,49,530.08
16934.0,54,61,931.03
16936.0,25,56,261.9
16938.0,8,236,1878.43
16940.0,51,305,3049.88
16942.0,12,279,1878.51
16943.0,211,33,816.73
16945.0,21,249,4345.5
16947.0,235,21,406.48
16948.0,138,19,435.02
16949.0,3,61,1161.27
16950.0,56,42,1178.56
16951.0,122,87,1262.75
16952.0,108,16,167.61
16953.0,29,1,20.8
16954.0,0,54,2085.08
16955.0,184,26,493.67
16956.0,8,18,292.34
16957.0,238,16,416.64
16959.0,86,7,117.35000000000001
16960.0,38,101,507.05
16961.0,115,14,234.17
16963.0,186,7,110.55000000000001
16965.0,226,26,201.19
16966.0,7,31,2148.47
16967.0,188,21,319.02
16968.0,3,31,439.43
16969.0,38,42,650.41
16971.0,2,42,232.20999999999998
16976.0,266,2,251.51999999999998
16978.0,77,39,344.33
16979.0,3,91,1809.05
16980.0,254,81,1028.46
16982.0,60,22,384.06
16983.0,12,144,1894.82
16984.0,77,411,4370.59
16985.0,16,121,5461.62
16986.0,29,3,1873.2
16987.0,2,128,1616.8
16988.0,4,7,126.12
16989.0,6,12,1133.25
16990.0,218,1,179.0
16992.0,10,95,1601.8600000000001
16995.0,371,1,-1.25
16996.0,29,41,1427.46
16997.0,287,12,702.0
16998.0,149,6,287.02000000000004
16999.0,22,23,484.82
17001.0,0,169,3989.57
17002.0,72,50,1487.78
17004.0,45,43,1312.1399999999999
17006.0,4,44,781.78
17007.0,50,53,877.4300000000001
17010.0,16,12,185.46
17011.0,29,15,270.9
17014.0,7,73,562.6800000000001
17015.0,28,214,1838.6100000000001
17017.0,2,268,8574.11
17018.0,40,16,920.1
17019.0,10,228,1258.08
17022.0,30,7,71.0
17024.0,44,3,95.85
17025.0,60,9,357.77
17026.0,184,4,154.82999999999998
17027.0,78,150,835.86
17029.0,110,2,716.0
17030.0,63,11,146.87
17031.0,11,22,380.35
17033.0,85,28,1030.14
17034.0,15,32,734.5699999999999
17035.0,245,32,388.33
17037.0,77,77,1253.22
17038.0,29,22,112.4
17040.0,137,15,449.73
17041.0,26,70,1055.69
17042.0,2,97,1036.58
17043.0,31,102,1735.18
17044.0,8,10,897.4300000000001
17045.0,112,22,339.44
17046.0,156,22,642.02
17047.0,84,65,1100.9
17048.0,114,48,864.32
17049.0,2,321,5589.83
17050.0,95,308,3185.64
17051.0,193,42,240.89000000000001
17052.0,27,83,399.09
17053.0,128,14,496.38
17054.0,27,84,1353.83
17058.0,81,62,1179.89
17059.0,29,514,3080.39
17060.0,265,5,234.24
17061.0,73,101,5116.13
17062.0,313,70,529.4300000000001
17063.0,8,82,1421.59
17064.0,58,61,855.45
17065.0,142,1,-112.35
17068.0,11,297,4531.34
17069.0,27,154,2655.2200000000003
17070.0,113,62,304.24
17071.0,8,148,2385.48
17073.0,17,174,1446.09
17075.0,17,80,813.77
17076.0,35,25,841.0799999999999
17078.0,35,28,378.2
17079.0,77,2,118.80000000000001
17080.0,21,9,285.5
17081.0,24,63,288.91
17082.0,32,81,2003.85
17083.0,108,52,1405.78
17084.0,34,149,2747.9900000000002
17085.0,122,188,1550.8
17086.0,6,96,2050.08
17088.0,27,115,1991.01
17090.0,3,62,1972.55
17091.0,2,198,3802.81
17092.0,49,124,1774.03
17094.0,317,15,270.20000000000005
17095.0,21,77,1088.2
17096.0,8,52,992.6800000000001
17097.0,1,213,937.92
17100.0,17,65,971.74
17101.0,9,42,1621.73
17102.0,261,1,25.5
17105.0,158,90,665.78
17107.0,32,419,10362.48
17109.0,28,120,865.9300000000001
17110.0,164,12,163.29999999999998
17111.0,46,29,231.61
17114.0,5,131,739.72
17115.0,7,43,806.9000000000001
17117.0,287,9,116.19999999999999
17118.0,317,10,157.02
17119.0,2,38,593.61
17120.0,232,18,307.46
17122.0,118,7,138.32
17123.0,161,9,345.29999999999995
17124.0,184,31,294.24
17125.0,49,35,230.5
17126.0,151,250,976.55
17128.0,334,14,157.09
17131.0,4,134,2463.17
17133.0,15,27,4892.240000000001
17134.0,106,23,413.2
17135.0,15,52,1139.73
17138.0,275,24,380.5
17139.0,15,486,10567.87
17140.0,246,18,454.12
17142.0,238,15,579.0
17144.0,0,48,984.57
17146.0,105,35,749.78
17147.0,22,85,1679.64
17148.0,51,9,124.88
17152.0,194,16,1503.5
17153.0,23,14,213.78
17154.0,74,23,329.34
17155.0,17,20,251.70000000000002
17157.0,7,15,306.55
17158.0,31,67,1266.97
17159.0,21,102,1534.73
17160.0,30,229,3518.03
17162.0,28,105,1707.21
17163.0,21,5,293.1
17164.0,32,145,2466.4
17165.0,283,10,158.68
17166.0,38,14,189.49
17169.0,49,60,816.88
17171.0,288,16,224.91
17172.0,74,16,313.26
17173.0,4,87,3755.65
17174.0,217,4,59.9
17175.0,43,64,1430.94
17176.0,201,15,306.13
17179.0,177,80,711.79
17180.0,55,128,768.32
17181.0,56,23,239.92000000000002
17183.0,7,76,3286.9100000000003
17186.0,46,2,144.0
17187.0,226,10,203.95
17188.0,10,89,2275.58
17189.0,105,60,383.75
17190.0,58,20,249.74
17191.0,27,236,2093.68
17193.0,35,35,1674.46
17194.0,273,29,262.62
17197.0,29,29,1013.01
17198.0,23,96,692.22
17201.0,53,38,289.78
17203.0,35,148,3560.08
17204.0,168,67,1352.91
17205.0,53,13,384.08
17206.0,52,7,204.24
17211.0,26,213,2299.67
17212.0,252,4,226.85
17213.0,39,164,2741.08
17214.0,59,102,974.12
17217.0,233,9,113.5
17218.0,3,271,1951.97
17219.0,31,25,114.23
17220.0,23,467,3187.55
17221.0,6,62,334.48
17222.0,64,27,328.65
17223.0,309,48,416.89
17226.0,308,21,393.49
17227.0,18,47,939.32
17228.0,15,208,1906.09
17229.0,95,47,318.76
17230.0,263,73,3466.67
17231.0,11,536,3078.22
17232.0,2,35,417.77
17233.0,34,25,190.88
17234.0,182,14,149.89000000000001
17235.0,24,29,550.06
17236.0,12,105,916.13
17237.0,10,19,314.69
17238.0,2,555,3719.1
17239.0,312,16,379.95
17242.0,107,40,1135.04
17243.0,0,394,8491.75
17244.0,52,31,954.9
17245.0,204,9,171.45
17247.0,14,54,280.09000000000003
17248.0,119,69,318.65
17250.0,3,56,381.97
17251.0,362,37,269.83
17252.0,116,86,348.91
17253.0,17,18,178.26
17254.0,4,111,271.19
17255.0,40,74,291.48
17256.0,106,16,240.0
17259.0,147,116,581.23
17262.0,51,12,1253.3600000000001
17263.0,207,23,63.440000000000005
17265.0,138,122,550.01
17266.0,1,73,296.58
17267.0,126,37,317.2
17268.0,107,6,763.64
17272.0,41,116,2144.53
17274.0,34,25,107.82
17277.0,227,69,1065.3500000000001
17278.0,240,15,246.04
17279.0,57,9,187.82999999999998
17282.0,129,89,1685.46
17284.0,59,293,1636.58
17286.0,21,44,151.37
17287.0,25,122,1049.06
17288.0,8,140,1417.63
17289.0,31,105,922.77
17290.0,3,96,513.01
17291.0,307,1,550.8000000000001
17293.0,7,132,1854.06
17295.0,28,68,547.0
17297.0,16,49,128.18
17298.0,100,30,498.42
17299.0,11,55,656.61
17301.0,20,59,163.24
17302.0,14,81,1119.93
17303.0,360,53,250.04
17306.0,10,69,8600.73
17307.0,364,1,-152.64000000000001
17309.0,94,12,82.75
17311.0,77,55,1384.85
17312.0,138,14,644.3
17313.0,17,28,2288.13
17314.0,24,136,2514.76
17315.0,0,485,6193.43
17317.0,45,11,2524.02
17320.0,99,73,1200.6200000000001
17321.0,7,99,657.16
17323.0,14,199,894.44
17324.0,17,49,986.48
17325.0,279,6,96.8
17329.0,13,33,523.11
17330.0,22,6,363.9
17331.0,123,1,175.2
17333.0,85,28,494.25
17334.0,300,12,306.6
17337.0,150,526,1897.51
17338.0,16,725,6461.79
17339.0,93,9,243.36
17340.0,8,424,11891.18
17341.0,156,157,682.29
17343.0,354,17,193.64
17344.0,45,31,157.62
17345.0,14,83,519.6899999999999
17346.0,3,486,2557.9
17347.0,85,1,228.96
17348.0,14,213,1156.6
17349.0,178,8,98.25
17350.0,7,71,1251.44
17351.0,35,27,587.15
17353.0,128,8,1740.0
17354.0,50,16,1393.06
17356.0,311,19,178.22
17357.0,23,44,384.39
17358.0,302,58,360.81
17359.0,10,15,127.86
17360.0,16,125,568.24
17361.0,48,29,488.2
17362.0,238,35,312.23
17364.0,0,409,4437.23
17365.0,12,465,4767.36
17367.0,237,33,167.55
17368.0,22,124,1315.72
17370.0,72,33,446.18
17371.0,16,86,418.4
17372.0,40,251,1337.18
17373.0,39,57,646.92
17374.0,218,28,495.77
17375.0,189,71,372.5
17376.0,70,24,203.2
17377.0,23,405,3883.32
17379.0,10,78,389.71999999999997
17381.0,8,110,20272.43
17382.0,64,2,65.4
17383.0,3,49,193.39000000000001
17384.0,18,15,336.4
17385.0,14,45,256.11
17386.0,7,28,2686.42
17387.0,19,76,746.81
17388.0,77,15,1259.56
17389.0,0,224,31300.079999999998
17391.0,163,3,508.8
17392.0,306,56,417.27
17394.0,218,4,203.86999999999998
17396.0,38,27,7330.8
17397.0,21,89,681.41
17398.0,114,38,653.38
17400.0,125,206,2097.84
17402.0,4,59,2633.85
17403.0,35,32,263.92
17404.0,3,201,30300.82
17405.0,0,94,967.22
17406.0,329,114,1912.72
17408.0,162,2,32.65
17409.0,184,13,771.85
17410.0,15,64,1214.72
17411.0,11,43,748.94
17412.0,2,66,1258.06
17414.0,43,6,778.0
17415.0,79,14,507.84
17416.0,29,271,6838.34
17418.0,41,30,463.46000000000004
17419.0,10,208,4200.97
17420.0,49,30,598.83
17422.0,15,135,1853.1299999999999
17423.0,44,28,663.63
17425.0,18,43,759.17
17426.0,3,272,5022.26
17427.0,71,2,100.8
17428.0,0,343,17078.45
17429.0,120,42,512.12
17430.0,32,14,265.76
17431.0,312,43,403.3
17432.0,17,48,365.76
17433.0,87,54,303.15999999999997
17434.0,1,138,2333.42
17436.0,1,9,216.29999999999998
17438.0,246,19,378.3
17440.0,147,8,177.1
17442.0,28,140,2210.2599999999998
17443.0,219,1,534.24
17444.0,147,135,2940.04
17446.0,176,9,120.9
17447.0,39,36,541.53
17448.0,144,1,-4287.63
17449.0,1,278,2503.21
17450.0,7,350,187322.17
17451.0,0,107,1648.95
17453.0,17,19,486.71999999999997
17454.0,191,61,517.53
17455.0,203,8,131.7
17456.0,364,17,249.86
17457.0,126,19,1737.7
17458.0,14,54,316.5
17459.0,42,111,657.3
17460.0,78,37,452.63
17461.0,22,106,735.82
17462.0,50,28,662.94
17463.0,15,212,1860.81
17464.0,157,9,289.96000000000004
17466.0,9,41,763.28
17468.0,9,5,137.0
17469.0,15,90,1843.06
17470.0,44,78,1125.07
17472.0,190,174,697.54
17475.0,78,14,194.37
17480.0,73,31,506.51
17481.0,3,83,1249.34
17483.0,64,21,414.04
17486.0,260,24,396.87
17489.0,58,29,376.64
17490.0,0,86,1926.8799999999999
17491.0,0,110,3541.92
17492.0,247,12,374.57
17495.0,7,27,497.56
17496.0,358,10,271.05
17498.0,75,17,272.22
17499.0,289,40,622.88
17500.0,16,5,1138.0
17501.0,220,18,288.6
17502.0,8,28,689.1
17503.0,2,38,558.96
17504.0,205,140,2745.2799999999997
17505.0,161,52,1145.84
17506.0,69,16,294.29
17507.0,261,88,605.58
17508.0,280,22,387.31
17509.0,57,367,6069.24
17510.0,24,20,308.48
17511.0,2,1076,88125.38
17512.0,28,106,2920.04
17513.0,71,6,513.2
17514.0,127,40,208.65
17515.0,30,87,639.02
17516.0,14,135,764.88
17517.0,308,11,153.94
17519.0,16,83,1839.07
17520.0,53,30,546.81
17521.0,23,46,721.9599999999999
17522.0,1,73,1070.71
17523.0,10,33,652.74
17524.0,360,6,145.0
17525.0,359,9,422.70000000000005
17526.0,0,23,706.7
17527.0,53,49,888.86
17528.0,0,260,3540.1
17530.0,0,390,2367.12
17531.0,120,15,293.45
17534.0,53,9,223.36
17535.0,279,13,164.4
17536.0,176,3,76.5
17537.0,29,74,887.67
17538.0,25,9,98.42
17540.0,8,26,570.4
17542.0,269,25,170.75
17545.0,42,141,642.32
17547.0,371,2,-11.8
17548.0,217,17,-141.48
17549.0,23,6,148.86
17550.0,196,42,267.16
17551.0,358,39,290.34
17552.0,42,51,909.96
17553.0,129,2,1487.6
17554.0,0,88,1952.45
17555.0,19,105,480.31
17556.0,205,6,157.9
17557.0,13,34,541.46
17560.0,94,27,854.95
17561.0,18,45,165.12
17562.0,13,64,1107.38
17564.0,23,49,454.01
17566.0,7,142,869.77
17567.0,6,177,4012.56
17569.0,331,29,344.14
17571.0,49,271,1425.67
17572.0,70,12,226.75000000000003
17573.0,28,26,362.9
17574.0,242,8,185.65
17576.0,7,408,3399.93
17578.0,190,6,124.74
17579.0,4,52,440.2
17580.0,252,45,215.72
17581.0,0,451,10716.31
17582.0,235,29,175.27
17584.0,6,36,1227.3
17585.0,108,208,1116.68
17588.0,99,23,1240.2
17589.0,59,253,2404.17
17590.0,1,196,1468.02
17591.0,72,158,2192.7200000000003
17593.0,3,214,3908.08
17594.0,84,50,993.18
17595.0,11,82,386.69
17596.0,22,265,2806.69
17597.0,213,55,2044.3700000000001
17600.0,17,13,161.67000000000002
17601.0,238,9,116.00999999999999
17602.0,1,556,5002.22
17603.0,49,15,-1165.3
17604.0,216,63,309.36
17608.0,32,56,191.99
17609.0,40,234,1097.48
17611.0,3,573,3924.77
17612.0,52,142,1992.76
17613.0,22,313,4494.77
17614.0,56,98,386.32
17615.0,129,14,329.6
17616.0,173,3,571.1999999999999
17618.0,5,67,930.28
17619.0,311,74,214.37
17620.0,59,4,81.44
17621.0,20,27,1336.1
17623.0,32,33,527.0500000000001
17624.0,14,50,843.48
17625.0,17,306,2020.4
17628.0,80,5,75.75
17629.0,5,124,1784.12
17630.0,169,26,503.59999999999997
17631.0,1,39,528.33
17633.0,30,72,1242.34
17634.0,35,296,2358.59
17636.0,8,24,265.93
17637.0,30,35,547.0600000000001
17639.0,275,7,108.5
17640.0,86,5,621.66
17642.0,119,40,712.29
17643.0,372,8,101.55
17644.0,0,169,2768.98
17646.0,218,54,995.6600000000001
17647.0,64,7,133.06
17648.0,60,92,1789.55
17649.0,134,53,861.74
17650.0,20,8,166.08
17651.0,11,239,3886.67
17652.0,24,270,4737.13
17653.0,28,50,1175.88
17654.0,276,22,117.55
17655.0,10,93,2571.7400000000002
17656.0,72,82,1674.69
17658.0,10,23,485.88
17659.0,3,161,2954.75
17660.0,140,38,178.75
17663.0,25,90,1788.27
17664.0,18,43,604.64
17666.0,3,18,728.16
17667.0,65,117,2055.51
17668.0,0,15,347.75
17669.0,42,68,3406.7200000000003
17670.0,227,11,205.7
17671.0,15,61,1284.08
17672.0,43,115,3106.62
17673.0,0,219,1588.07
17674.0,73,27,551.04
17675.0,0,721,20098.1
17676.0,3,78,1366.77
17677.0,1,320,16201.37
17678.0,263,16,298.11
17679.0,52,30,1992.1100000000001
17680.0,23,11,184.4
17682.0,9,119,2459.33
17684.0,43,15,239.41
17685.0,16,127,3155.83
17686.0,6,286,5739.46
17690.0,29,254,4717.3
17691.0,357,19,290.40000000000003
17692.0,126,47,733.4399999999999
17693.0,135,18,187.02
17694.0,141,15,283.12
17695.0,131,35,765.34
17696.0,37,126,2201.05
17697.0,235,19,338.95
17698.0,260,8,154.95
17700.0,16,146,2508.89
17701.0,252,24,417.95
17702.0,29,80,1719.72
17703.0,34,55,798.74
17704.0,168,31,885.19
17705.0,2,108,1781.12
17706.0,3,395,10097.37
17707.0,184,5,152.4
17708.0,187,34,263.33
17709.0,169,7,137.45
17711.0,10,23,385.1
17712.0,44,29,522.91
17714.0,320,10,153.0
17715.0,200,1,326.4
17716.0,22,254,5505.79
17718.0,231,6,139.35
17719.0,37,278,5367.8
17720.0,25,50,1195.94
17722.0,95,120,2380.64
17723.0,126,10,3276.4000000000005
17724.0,57,45,995.6500000000001
17725.0,15,198,3371.13
17727.0,8,67,1042.55
17728.0,3,169,2515.68
17730.0,2,220,5288.83
17731.0,78,83,878.2
17732.0,372,18,303.97
17733.0,38,35,692.19
17734.0,53,43,700.63
17735.0,1,690,13110.02
17736.0,8,26,337.49
17737.0,8,10,168.24
17738.0,18,99,1863.35
17739.0,11,48,2786.05
17742.0,112,15,355.11
17744.0,3,137,2291.08
17746.0,234,8,98.8
17747.0,99,2,64.65
17749.0,177,35,674.52
17750.0,4,184,1710.45
17752.0,358,1,80.64
17754.0,0,90,1632.31
17757.0,0,741,5573.59
17758.0,18,404,3408.2000000000003
17759.0,16,90,819.96
17760.0,21,25,287.59
17761.0,32,19,712.78
17763.0,262,1,15.0
17764.0,50,71,772.55
17765.0,158,56,367.63
17767.0,14,21,271.2
17768.0,7,98,2081.9
17769.0,12,307,3920.08
17770.0,198,38,1143.27
17771.0,56,54,245.81
17772.0,10,50,173.45
17774.0,96,154,1203.78
17775.0,254,3,56.4
17777.0,24,190,647.56
17779.0,20,83,633.92
17781.0,158,12,188.02
17783.0,71,67,283.47
17785.0,52,13,131.94
17786.0,84,68,266.85
17787.0,152,128,1817.54
17788.0,73,5,1117.9
17789.0,280,14,225.9
17790.0,26,189,1964.3
17791.0,29,10,106.1
17793.0,24,52,300.34
17795.0,179,45,342.83
17796.0,39,81,690.0
17797.0,21,111,780.43
17799.0,21,406,3009.32
17800.0,36,103,1187.21
17802.0,81,147,1251.84
17805.0,73,10,512.31
17806.0,10,43,546.04
17809.0,15,64,4627.62
17811.0,3,849,7601.8
17812.0,12,133,699.81
17813.0,13,355,1641.79
17816.0,36,17,36.56
17817.0,3,33,387.68
17819.0,71,49,3661.0699999999997
17820.0,190,5,-24.05
17824.0,50,13,298.4
17827.0,4,215,1987.33
17828.0,8,82,1599.97
17829.0,298,30,889.24
17830.0,1,23,398.7
17831.0,32,2,35.400000000000006
17832.0,49,61,155.37
17835.0,2,59,342.24
17836.0,46,24,110.21000000000001
17837.0,41,165,1508.38
17838.0,26,132,2267.4
17839.0,41,52,318.15
17841.0,1,7812,39869.05
17843.0,302,37,205.48
17844.0,106,5,51.559999999999995
17846.0,84,1,2033.1
17848.0,80,51,901.1999999999999
17849.0,217,26,605.8000000000001
17850.0,301,309,5303.4800000000005
17852.0,11,24,114.34
17854.0,184,15,311.26
17855.0,372,17,208.97
17856.0,1,17,1393.79
17857.0,2,56,26763.34
17858.0,5,197,5140.66
17859.0,304,23,141.92000000000002
17860.0,368,52,226.45000000000002
17861.0,2,220,2056.28
17862.0,323,11,330.9
17863.0,58,148,3160.0
17864.0,12,90,554.85
17865.0,30,389,10158.54
17866.0,142,10,325.7
17867.0,29,70,583.52
17869.0,106,40,428.18
17870.0,1,271,1860.94
17871.0,204,10,155.9
17873.0,79,45,1754.16
17874.0,184,47,658.26
17877.0,169,12,237.61
17878.0,43,26,379.45
17879.0,173,6,178.51999999999998
17880.0,364,26,458.92
17881.0,303,8,133.35000000000002
17883.0,2,142,664.34
17884.0,3,113,695.0699999999999
17885.0,11,53,156.34
17886.0,31,102,869.28
17887.0,128,10,111.35
17888.0,18,79,515.73
17889.0,211,20,201.37
17890.0,322,91,586.89
17891.0,161,34,203.85999999999999
17892.0,55,28,244.1
17893.0,224,15,107.21
17894.0,71,192,1118.96
17895.0,43,15,95.45
17896.0,22,2,256.32
17897.0,172,109,516.3100000000001
17898.0,84,28,152.06
17899.0,158,31,154.55
17900.0,164,11,15.0
17901.0,28,19,110.38
17904.0,20,35,168.32
17905.0,70,33,798.99
17906.0,246,12,72.9
17908.0,373,54,232.03
17911.0,8,39,366.23
17912.0,309,39,294.65999999999997
17913.0,58,58,408.65
17914.0,3,75,329.36
17917.0,44,92,335.03
17919.0,87,23,1304.04
17920.0,3,665,4119.5
17921.0,63,142,820.23
17923.0,281,1,207.50000000000003
17924.0,0,38,2894.33
17925.0,372,1,244.08
17926.0,132,21,397.29
17928.0,44,23,212.54
17929.0,10,6,834.5
17930.0,35,39,1740.48
17931.0,133,65,408.36
17932.0,28,90,1331.57
17934.0,51,21,704.25
17935.0,137,29,145.79
17936.0,4,72,380.13
17937.0,8,43,4301.22
17939.0,159,12,99.14
17940.0,48,22,1897.18
17941.0,130,2,304.56
17942.0,7,2,77.50000000000001
17946.0,232,20,149.57999999999998
17947.0,36,9,176.68
17948.0,146,1,358.56000000000006
17949.0,0,79,52750.84
17950.0,71,72,472.12
17951.0,39,21,990.8400000000001
17954.0,4,481,2276.78
17955.0,198,19,557.3
17956.0,248,1,12.75
17957.0,65,31,111.68
17958.0,116,7,508.4599999999999
17960.0,170,26,73.78
17961.0,20,249,1296.44
17962.0,141,34,102.41
17964.0,31,98,463.21
17965.0,37,325,2599.19
17966.0,37,68,1098.43
17967.0,371,42,112.27
17968.0,373,81,265.1
17969.0,165,14,228.2
17970.0,210,29,562.79
17972.0,241,30,135.19
17973.0,51,15,337.04
17974.0,24,165,703.99
17975.0,14,294,4388.06
17976.0,371,57,321.79
17977.0,28,21,288.14
17978.0,364,12,300.91999999999996
17979.0,35,139,712.51
17980.0,165,30,811.45
17984.0,144,48,152.68
17985.0,21,21,631.35
17986.0,55,1,20.8
17987.0,184,13,198.57
17988.0,11,39,191.17000000000002
17990.0,236,29,630.84
17991.0,224,5,93.35
17994.0,121,82,626.09
17995.0,281,2,76.1
17997.0,73,178,1503.09
17999.0,36,91,380.39
18001.0,11,57,415.13
18004.0,361,37,157.92
18005.0,3,53,226.47
18006.0,22,22,444.68
18008.0,69,30,2116.19
18009.0,234,32,242.29
18010.0,256,14,174.8
18011.0,372,28,102.78999999999999
18013.0,154,31,187.29
18014.0,27,30,162.22
18015.0,3,46,120.03
18016.0,31,122,1477.66
18017.0,80,3,523.0
18018.0,107,29,122.14
18019.0,51,5,38.45
18022.0,35,164,612.72
18024.0,152,22,236.77999999999997
18027.0,98,21,115.31
18030.0,3,10,220.7
18032.0,333,5,73.5
18033.0,64,33,93.82000000000001
18034.0,21,110,418.68
18035.0,35,49,713.89
18036.0,31,94,403.12
18037.0,153,19,70.02
18040.0,18,19,357.20000000000005
18041.0,11,460,4075.12
18042.0,53,7,165.04999999999998
18043.0,24,115,529.29
18044.0,3,128,2085.65
18045.0,44,43,178.34
18048.0,202,7,172.29000000000002
18050.0,358,5,74.4
18053.0,65,21,297.07
18055.0,6,361,6729.29
18056.0,287,19,363.65
18058.0,9,3,170.16
18059.0,8,21,296.71
18061.0,21,46,2119.41
18062.0,172,27,720.52
18064.0,132,7,814.0
18065.0,5,138,2380.08
18066.0,74,10,318.0
18067.0,39,37,396.33
18068.0,288,1,101.69999999999999
18069.0,25,459,1994.39
18071.0,257,25,453.0
18072.0,154,36,-5.329070518200751e-15
18073.0,113,75,3846.7400000000002
18074.0,373,13,489.6
18075.0,22,153,2538.7200000000003
18077.0,7,223,2584.41
18078.0,216,29,336.13
18079.0,44,123,3613.15
18080.0,18,2,1231.5
18081.0,35,17,343.45
18082.0,25,70,680.84
18084.0,15,2,87.52999999999999
18085.0,329,29,689.95
18086.0,273,7,101.34
18087.0,97,7,3770.1199999999994
18088.0,60,37,166.03
18092.0,1,90,9065.76
18093.0,92,38,2083.42
18094.0,81,70,3017.3
18095.0,312,21,580.0500000000001
18096.0,11,196,849.06
18097.0,7,107,2657.45
18099.0,126,19,168.31
18101.0,10,40,222.4
18102.0,0,433,256438.49
18104.0,36,38,754.64
18105.0,37,18,113.48000000000002
18106.0,329,37,421.9
18108.0,248,19,264.65
18109.0,1,451,7877.27
18110.0,18,40,168.55
18112.0,11,26,352.69
18113.0,368,1,76.32000000000001
18114.0,289,28,220.1
18116.0,67,371,1403.1100000000001
18117.0,25,72,315.65
18118.0,10,1268,5567.03
18119.0,367,29,180.7
18120.0,213,17,111.15
18121.0,148,31,653.3
18122.0,7,357,1793.06
18123.0,23,34,574.4399999999999
18125.0,29,193,1130.1
18126.0,60,52,200.92000000000002
18127.0,18,46,347.08
18129.0,242,14,112.55000000000001
18130.0,8,71,1045.74
18133.0,210,2,715.4999999999999
18135.0,28,20,681.9100000000001
18136.0,62,39,761.83
18138.0,294,8,152.65
18139.0,16,162,8393.22
18141.0,360,1,-35.400000000000006
18142.0,150,18,1014.9
18143.0,116,61,1000.16
18144.0,7,43,2888.75
18145.0,12,221,2861.55
18146.0,140,10,160.35000000000002
18147.0,45,7,179.33999999999997
18149.0,50,16,612.0799999999999
18150.0,31,37,566.58
18151.0,134,38,653.35
18154.0,2,21,399.19
18155.0,74,28,347.82
18156.0,12,122,675.64
18158.0,8,35,451.75
18159.0,300,23,530.15
18160.0,56,39,638.0600000000001
18161.0,9,81,1612.79
18164.0,30,25,394.7
18165.0,176,10,302.46000000000004
18167.0,3,43,1355.51
18168.0,175,139,1123.74
18169.0,60,9,202.65
18170.0,32,38,980.31
18171.0,58,56,1208.51
18172.0,14,197,7490.17
18173.0,86,31,2106.84
18174.0,6,1,104.0
18176.0,353,33,448.65
18177.0,30,74,1313.6200000000001
18178.0,113,99,1573.41
18179.0,8,90,1793.17
18180.0,4,119,1843.75
18181.0,23,41,366.85
18183.0,217,44,600.52
18184.0,14,1,49.8
18185.0,248,17,304.25
18188.0,14,72,1998.49
18189.0,77,69,1084.34
18190.0,191,16,274.51
18191.0,261,7,207.79999999999998
18192.0,71,45,957.97
18193.0,150,18,212.96
18194.0,63,9,896.0
18196.0,94,139,686.63
18198.0,3,166,5083.06
18200.0,105,30,150.35
18202.0,199,68,1396.99
18203.0,156,19,160.42000000000002
18204.0,70,194,1960.95
18205.0,35,32,517.36
18209.0,28,8,139.10000000000002
18210.0,1,134,2621.38
18211.0,25,42,600.07
18212.0,325,34,216.07
18213.0,236,15,232.48000000000002
18215.0,88,13,299.34000000000003
18216.0,30,26,481.75
18217.0,28,31,621.75
18218.0,205,23,606.22
18219.0,2,115,2019.77
18220.0,219,4,297.78000000000003
18221.0,21,65,1033.31
18222.0,92,19,443.0
18223.0,1,299,6315.2300000000005
18224.0,263,10,158.95000000000002
18225.0,2,284,5356.86
18226.0,38,245,5192.1
18227.0,217,5,93.75
18228.0,49,32,769.2
18229.0,11,164,7276.900000000001
18230.0,8,89,2716.6000000000004
18231.0,191,125,2054.67
18232.0,81,40,582.47
18233.0,325,1,440.0
18235.0,71,104,1796.48
18236.0,29,49,882.24
18237.0,2,61,987.1
18239.0,218,88,1561.6100000000001
18240.0,45,6,422.58
18241.0,9,105,2058.09
18242.0,71,78,2232.4900000000002
18245.0,6,177,2507.56
18246.0,23,4,596.1
18248.0,113,49,783.02
18249.0,16,8,95.34
18250.0,300,22,342.92
18251.0,86,16,4314.72
18252.0,50,94,518.27
18255.0,88,6,103.3
18256.0,354,4,-50.1
18257.0,38,123,2265.38
18259.0,24,42,2338.6000000000004
18260.0,172,139,2580.15
18261.0,42,21,324.24
18262.0,139,13,149.48
18263.0,22,62,1211.08
18265.0,71,46,801.51
18268.0,133,2,0.0
18269.0,357,8,138.9
18270.0,37,13,238.95000000000002
18272.0,2,170,3064.78
18273.0,1,3,204.0
18274.0,17,22,1.7763568394002505e-15
18276.0,20,16,323.36
18277.0,57,9,97.63
18278.0,73,9,173.9
18280.0,277,10,180.60000000000002
18281.0,180,7,80.82
18282.0,7,13,176.6
18283.0,3,721,2045.53
18287.0,42,70,1837.28
